Country,alpha,beta,gamma,Financing_share,Hardening_share,No_viable_share,Mean_mR,Connected_weight
Rwanda,0.5,0.05,0.6,73.96972164170049,10.512352217493085,15.517926140806427,0.9613349606455112,1520387.9078892116
Rwanda,0.5,0.05,0.8,73.96972164170049,10.534128443039343,15.49614991526017,0.9579943727898458,1520387.9078892116
Rwanda,0.5,0.05,1.0,73.85795700642664,10.820884426652288,15.321158566921067,0.9548509585850479,1520387.9078892116
Rwanda,0.5,0.15,0.6,74.03915303578896,10.442920823404613,15.517926140806438,0.9623302734236768,1520387.9078892116
Rwanda,0.5,0.15,0.8,73.96972164170049,10.534128443039343,15.49614991526017,0.9592801714685041,1520387.9078892116
Rwanda,0.5,0.15,1.0,73.85795700642664,10.809299271371453,15.332743722201903,0.9564100976293409,1520387.9078892116
Rwanda,0.5,0.3,0.6,74.03915303578896,8.650367626382874,17.310479337828177,0.9635361331356853,1520387.9078892116
Rwanda,0.5,0.3,0.8,73.96972164170049,10.512352217493085,15.517926140806427,0.9608379660214941,1520387.9078892116
Rwanda,0.5,0.3,1.0,73.96972164170049,10.69753463609761,15.332743722201903,0.958299054548388,1520387.9078892116
Rwanda,0.6,0.05,0.6,74.19706011184121,10.30678997289861,15.49614991526017,0.9644895297368465,1520387.9078892116
Rwanda,0.6,0.05,0.8,74.19706011184121,10.481781321237712,15.321158566921067,0.960480824310048,1520387.9078892116
Rwanda,0.6,0.05,1.0,73.7722067710272,10.906634662051752,15.321158566921056,0.9567087272642905,1520387.9078892116
Rwanda,0.6,0.15,0.6,74.20011568205189,10.281958177141687,15.517926140806438,0.9656839050706455,1520387.9078892116
Rwanda,0.6,0.15,0.8,74.19706011184121,10.470196165956876,15.332743722201903,0.9620237827244381,1520387.9078892116
Rwanda,0.6,0.15,1.0,74.02237364556386,10.656467787515078,15.321158566921067,0.9585796941174421,1520387.9078892116
Rwanda,0.6,0.3,0.6,74.20011568205189,10.281958177141687,15.517926140806438,0.9671309367250556,1520387.9078892116
Rwanda,0.6,0.3,0.8,74.19706011184121,10.30678997289861,15.49614991526017,0.9638931361880261,1520387.9078892116
Rwanda,0.6,0.3,1.0,74.19706011184121,10.481781321237712,15.321158566921067,0.9608464424202988,1520387.9078892116
Rwanda,0.7,0.05,0.6,74.19706011184121,10.470196165956876,15.332743722201903,0.967644098828182,1520387.9078892116
Rwanda,0.7,0.05,0.8,74.19706011184121,10.481781321237712,15.321158566921067,0.9629672758302503,1520387.9078892116
Rwanda,0.7,0.05,1.0,73.9331694172901,10.745672015788827,15.321158566921078,0.9585664959435334,1520387.9078892116
Rwanda,0.7,0.15,0.6,74.20011568205189,10.303734402687946,15.49614991526017,0.969037536717614,1520387.9078892116
Rwanda,0.7,0.15,0.8,74.19706011184121,10.481781321237712,15.321158566921067,0.964767393980372,1520387.9078892116
Rwanda,0.7,0.15,1.0,73.98475577205721,10.694085661021715,15.321158566921078,0.9607492906055437,1520387.9078892116
Rwanda,0.7,0.3,0.6,74.20011568205189,10.281958177141687,15.517926140806438,0.970725740314426,1520387.9078892116
Rwanda,0.7,0.3,0.8,74.19706011184121,10.470196165956876,15.332743722201903,0.9669483063545581,1520387.9078892116
Rwanda,0.7,0.3,1.0,74.19706011184121,10.481781321237712,15.321158566921067,0.9633938302922096,1520387.9078892116
Rwanda,0.8,0.05,0.6,74.19706011184121,10.481781321237712,15.321158566921067,0.9707986679195174,1520387.9078892116
Rwanda,0.8,0.05,0.8,73.98475577205721,10.694085661021715,15.321158566921078,0.9654537273504527,1520387.9078892116
Rwanda,0.8,0.05,1.0,73.90706831520025,10.771773117878682,15.321158566921067,0.9604242646227762,1520387.9078892116
Rwanda,0.8,0.15,0.6,74.19706011184121,10.470196165956876,15.332743722201903,0.9723911683645826,1520387.9078892116
Rwanda,0.8,0.15,0.8,73.99847959207166,10.680361841007276,15.321158566921056,0.9675110052363062,1520387.9078892116
Rwanda,0.8,0.15,1.0,73.95865466996734,10.72018676311157,15.321158566921078,0.9629188870936449,1520387.9078892116
Rwanda,0.8,0.3,0.6,74.20011568205189,10.303734402687946,15.49614991526017,0.9743205439037961,1520387.9078892116
Rwanda,0.8,0.3,0.8,74.19706011184121,10.481781321237712,15.321158566921067,0.9700034765210902,1520387.9078892116
Rwanda,0.8,0.3,1.0,73.99847959207166,10.680361841007276,15.321158566921056,0.9659412181641205,1520387.9078892116
Rwanda,0.9,0.05,0.6,73.99847959207166,10.680361841007276,15.321158566921056,0.9739532370108529,1520387.9078892116
Rwanda,0.9,0.05,0.8,73.95865466996734,10.72018676311157,15.321158566921078,0.9679401788706553,1520387.9078892116
Rwanda,0.9,0.05,1.0,73.90706831520025,10.771773117878682,15.321158566921067,0.9622820333020189,1520387.9078892116
Rwanda,0.9,0.15,0.6,74.19706011184121,10.481781321237712,15.321158566921067,0.9757448000115512,1520387.9078892116
Rwanda,0.9,0.15,0.8,73.99847959207166,10.680361841007276,15.321158566921056,0.9702546164922403,1520387.9078892116
Rwanda,0.9,0.15,1.0,73.90706831520025,10.771773117878682,15.321158566921067,0.9650884835817464,1520387.9078892116
Rwanda,0.9,0.3,0.6,74.20011568205189,10.467140595746214,15.332743722201903,0.9779153474931666,1520387.9078892116
Rwanda,0.9,0.3,0.8,73.99847959207166,10.680361841007276,15.321158566921056,0.9730586466876222,1520387.9078892116
Rwanda,0.9,0.3,1.0,73.9723784899818,10.706462943097133,15.321158566921067,0.9684886060360314,1520387.9078892116
North-West Nigeria,0.5,0.05,0.6,51.962182841473314,47.12047469875459,0.9173424597720969,0.6688016616836735,3284361.25
North-West Nigeria,0.5,0.05,0.8,50.865597034062006,48.21706050616589,0.9173424597720969,0.6293822461185786,3284361.25
North-West Nigeria,0.5,0.05,1.0,50.30101054235312,48.78164699787478,0.9173424597720969,0.5969658240546468,3284361.25
North-West Nigeria,0.5,0.15,0.6,52.48941595683031,46.5932415833976,0.9173424597720969,0.6848584758369833,3284361.25
North-West Nigeria,0.5,0.15,0.8,51.61327543276732,47.46938210746058,0.9173424597720969,0.6488668355384184,3284361.25
North-West Nigeria,0.5,0.15,1.0,50.57840237845544,48.504255161772456,0.9173424597720969,0.6192692327843937,3284361.25
North-West Nigeria,0.5,0.3,0.6,53.08529346075128,45.73967988387974,1.1750266553689825,0.7043119237534933,3284361.25
North-West Nigeria,0.5,0.3,0.8,52.36582540855584,46.71683213167206,0.9173424597720969,0.6724731650278396,3284361.25
North-West Nigeria,0.5,0.3,1.0,51.77793941450292,47.30471812572499,0.9173424597720969,0.6462906702838948,3284361.25
North-West Nigeria,0.6,0.05,0.6,52.488643204152595,46.594014336075304,0.9173424597720969,0.661179984241714,3284361.25
North-West Nigeria,0.6,0.05,0.8,50.88902381225458,48.19363372797332,0.917342459772108,0.6138766855636001,3284361.25
North-West Nigeria,0.6,0.05,1.0,48.99164149242648,50.09101604780142,0.9173424597721025,0.5749769790868821,3284361.25
North-West Nigeria,0.6,0.15,0.6,53.93748229534636,45.14517524488154,0.9173424597720969,0.6804481612256857,3284361.25
North-West Nigeria,0.6,0.15,0.8,52.25694609879561,46.82571144143229,0.917342459772108,0.6372581928674078,3284361.25
North-West Nigeria,0.6,0.15,1.0,50.94720955970882,48.13544798051909,0.9173424597720969,0.6017410695625782,3284361.25
North-West Nigeria,0.6,0.3,0.6,54.33396243831004,44.74869510191786,0.917342459772108,0.7037922987254975,3284361.25
North-West Nigeria,0.6,0.3,0.8,53.07068727213631,46.011970268091595,0.9173424597720969,0.6655857882547132,3284361.25
North-West Nigeria,0.6,0.3,1.0,52.25694609879561,46.82571144143229,0.917342459772108,0.6341667945619793,3284361.25
North-West Nigeria,0.7,0.05,0.6,53.69764448750767,45.38501305272023,0.9173424597720969,0.6535583067997544,3284361.25
North-West Nigeria,0.7,0.05,0.8,51.1437512745813,47.9389062656466,0.9173424597720969,0.5983711250086216,3284361.25
North-West Nigeria,0.7,0.05,1.0,48.573795856864066,50.50886168336384,0.9173424597720969,0.552988134119117,3284361.25
North-West Nigeria,0.7,0.15,0.6,54.217106230942555,44.865551309285344,0.9173424597720969,0.6760378466143881,3284361.25
North-West Nigeria,0.7,0.15,0.8,52.06819921946024,47.01445832076766,0.9173424597720969,0.6256495501963971,3284361.25
North-West Nigeria,0.7,0.15,1.0,51.10525032935461,47.97740721087329,0.9173424597720969,0.5842129063407627,3284361.25
North-West Nigeria,0.7,0.3,0.6,54.67842759266879,44.404229947559124,0.9173424597720858,0.703272673697502,3284361.25
North-West Nigeria,0.7,0.3,0.8,53.86230846924326,45.220349070984646,0.9173424597720969,0.6586984114815868,3284361.25
North-West Nigeria,0.7,0.3,1.0,52.330874640362715,46.751782899865184,0.9173424597720969,0.622042918840064,3284361.25
North-West Nigeria,0.8,0.05,0.6,53.83372178779409,45.24893575243381,0.917342459772108,0.6459366293577948,3284361.25
North-West Nigeria,0.8,0.05,0.8,50.93992838286334,48.142729157364556,0.917342459772108,0.5828655644536429,3284361.25
North-West Nigeria,0.8,0.05,1.0,47.814246636261736,51.26841090396616,0.9173424597720969,0.5309992891513521,3284361.25
North-West Nigeria,0.8,0.15,0.6,54.413664390415796,44.6689931498121,0.917342459772108,0.6716275320030904,3284361.25
North-West Nigeria,0.8,0.15,0.8,53.15939951513069,45.92325802509721,0.9173424597720969,0.6140409075253864,3284361.25
North-West Nigeria,0.8,0.15,1.0,50.8341345979442,48.24852294228369,0.9173424597720969,0.5666847431189471,3284361.25
North-West Nigeria,0.8,0.3,0.6,55.09376893577377,43.98888860445413,0.9173424597720969,0.702753048669506,3284361.25
North-West Nigeria,0.8,0.3,0.8,54.112827200913884,44.969830339314015,0.917342459772108,0.6518110347084605,3284361.25
North-West Nigeria,0.8,0.3,1.0,53.07986867588814,46.002788864339756,0.917342459772108,0.6099190431181487,3284361.25
North-West Nigeria,0.9,0.05,0.6,53.74984003697876,45.33281750324915,0.9173424597720858,0.6383149519158352,3284361.25
North-West Nigeria,0.9,0.05,0.8,51.271836431299946,47.810821108927954,0.9173424597720969,0.5673600038986644,3284361.25
North-West Nigeria,0.9,0.05,1.0,47.05477933400883,52.02787820621908,0.9173424597720914,0.5090104441835872,3284361.25
North-West Nigeria,0.9,0.15,0.6,54.75694514825909,44.32571239196881,0.9173424597720969,0.6672172173917928,3284361.25
North-West Nigeria,0.9,0.15,0.8,52.801644710744796,46.281012829483096,0.917342459772108,0.602432264854376,3284361.25
North-West Nigeria,0.9,0.15,1.0,50.13392019522334,48.94873734500457,0.9173424597720969,0.5491565798971315,3284361.25
North-West Nigeria,0.9,0.3,0.6,55.42754069161489,43.65511684861301,0.917342459772108,0.7022334236415106,3284361.25
North-West Nigeria,0.9,0.3,0.8,54.38013336803269,44.702524172195204,0.917342459772108,0.6449236579353341,3284361.25
North-West Nigeria,0.9,0.3,1.0,52.85207034606177,46.23058719416612,0.9173424597720969,0.5977951673962333,3284361.25
