"Cluster","CO_ID","CI01","CI02","CI06","CI07","CI08","CO_B01","CO_B02","CO_B03","CO_B05","CO_B06","CO_B07","CO_B07B","CO_B07_OTHER","Basicweight"
2,1,1,1,2,1,1,1,"13:13","08/06/2022",1,42,1,8,,33.29115
2,1,1,1,2,1,1,2,"13:14","08/06/2022",1,51,2,999,,33.29115
2,1,1,1,2,1,1,5,"13:17","08/06/2022",2,26,6,3,,33.29115
2,1,1,1,2,1,1,3,"13:15","08/06/2022",1,60,3,999,,33.29115
2,1,1,1,2,1,1,4,"13:16","08/06/2022",2,48,5,999,,33.29115
3,2,1,1,2,1,1,5,"13:23","09/06/2022",1,30,11,999,,65.275125
3,2,1,1,2,1,1,4,"13:22","09/06/2022",2,42,2,999,,65.275125
3,2,1,1,2,1,1,3,"13:21","09/06/2022",1,36,3,999,,65.275125
3,2,1,1,2,1,1,1,"13:20","09/06/2022",1,42,1,9,,65.275125
3,2,1,1,2,1,1,2,"13:21","09/06/2022",2,28,11,3,,65.275125
4,3,1,1,1,1,1,5,"13:10","09/06/2022",1,65,4,9,,32.3729260273973
4,3,1,1,1,1,1,7,"13:13","09/06/2022",2,56,11,999,,32.3729260273973
4,3,1,1,1,1,1,2,"13:05","09/06/2022",1,31,3,999,,32.3729260273973
4,3,1,1,1,1,1,6,"13:12","09/06/2022",2,52,9,999,,32.3729260273973
4,3,1,1,1,1,1,3,"13:06","09/06/2022",2,32,5,999,,32.3729260273973
4,3,1,1,1,1,1,1,"12:58","09/06/2022",1,44,1,999,,32.3729260273973
4,3,1,1,1,1,1,4,"13:08","09/06/2022",2,46,2,999,,32.3729260273973
5,4,1,1,1,1,5,2,"12:26","10/06/2022",1,38,3,999,,10.1755732217573
5,4,1,1,1,1,5,4,"12:28","10/06/2022",2,30,6,999,,10.1755732217573
5,4,1,1,1,1,5,5,"12:29","10/06/2022",2,68,11,999,,10.1755732217573
5,4,1,1,1,1,5,3,"12:27","10/06/2022",1,36,4,555,4,10.1755732217573
5,4,1,1,1,1,5,1,"12:25","10/06/2022",2,40,5,1,,10.1755732217573
6,5,1,1,1,1,1,2,"10:15","08/06/2022",2,45,2,999,,34.7765724137931
6,5,1,1,1,1,1,1,"10:13","08/06/2022",1,46,1,999,,34.7765724137931
6,5,1,1,1,1,1,3,"10:16","08/06/2022",1,35,4,999,,34.7765724137931
7,6,1,1,1,1,1,2,"11:23","09/06/2022",2,48,11,999,,22.7114407894737
7,6,1,1,1,1,1,3,"11:27","09/06/2022",2,53,5,999,,22.7114407894737
7,6,1,1,1,1,1,1,"11:20","09/06/2022",1,77,1,999,,22.7114407894737
7,6,1,1,1,1,1,4,"11:45","09/06/2022",2,39,9,999,,22.7114407894737
8,7,1,1,1,1,1,1,"10:31","10/06/2022",1,55,1,999,,28.8663050239234
8,7,1,1,1,1,1,4,"10:37","10/06/2022",2,25,2,999,,28.8663050239234
8,7,1,1,1,1,1,3,"10:33","10/06/2022",1,26,7,999,,28.8663050239234
8,7,1,1,1,1,1,2,"10:33","10/06/2022",1,33,4,999,,28.8663050239234
9,8,1,1,1,1,1,2,"11:04","08/06/2022",2,46,3,999,,19.4070469002695
9,8,1,1,1,1,1,1,"11:03","08/06/2022",2,47,4,8,,19.4070469002695
9,8,1,1,1,1,1,3,"11:05","08/06/2022",2,46,2,8,,19.4070469002695
10,9,1,1,1,1,1,3,"10:28","09/06/2022",2,48,1,8,,45.3452229357798
10,9,1,1,1,1,1,1,"10:26","09/06/2022",2,45,5,999,,45.3452229357798
10,9,1,1,1,1,1,4,"10:29","09/06/2022",2,58,6,999,,45.3452229357798
10,9,1,1,1,1,1,2,"10:27","09/06/2022",2,42,5,3,,45.3452229357798
10,9,1,1,1,1,1,5,"10:32","09/06/2022",2,54,555,3,7,45.3452229357798
11,10,1,1,1,1,1,3,"12:07","10/06/2022",1,58,3,4,,24.2731346260388
11,10,1,1,1,1,1,4,"12:07","10/06/2022",2,30,4,2,,24.2731346260388
11,10,1,1,1,1,1,1,"12:05","10/06/2022",2,38,5,2,,24.2731346260388
11,10,1,1,1,1,1,2,"12:06","10/06/2022",2,44,2,8,,24.2731346260388
12,11,1,2,2,1,1,3,"10:19","09/06/2022",2,42,11,555,6,30.805986784141
12,11,1,2,2,1,1,2,"10:17","09/06/2022",1,37,555,999,9,30.805986784141
12,11,1,2,2,1,1,1,"10:16","09/06/2022",1,42,3,999,,30.805986784141
13,12,1,2,2,1,1,2,"11:42","08/06/2022",1,35,3,999,,13.4902167539267
13,12,1,2,2,1,1,1,"11:41","08/06/2022",2,30,1,999,,13.4902167539267
14,13,1,2,1,1,2,2,"11:20","09/06/2022",1,43,4,999,,27.6634577777778
14,13,1,2,1,1,2,3,"11:21","09/06/2022",1,37,9,999,,27.6634577777778
14,13,1,2,1,1,2,1,"11:19","09/06/2022",1,37,3,999,,27.6634577777778
15,14,1,2,1,1,1,1,"12:10","08/06/2022",2,53,1,8,,20.4148122137405
15,14,1,2,1,1,1,3,"12:11","08/06/2022",2,40,2,999,,20.4148122137405
15,14,1,2,1,1,1,2,"12:10","08/06/2022",1,40,3,4,,20.4148122137405
15,14,1,2,1,1,1,4,"12:13","08/06/2022",1,22,7,999,,20.4148122137405
16,15,1,2,1,1,1,2,"12:48","10/06/2022",1,55,2,4,,7.50649791666667
16,15,1,2,1,1,1,1,"12:47","10/06/2022",1,45,4,999,,7.50649791666667
16,15,1,2,1,1,1,3,"12:52","10/06/2022",2,50,6,999,,7.50649791666667
17,16,1,2,1,1,1,3,"09:06","09/06/2022",2,35,4,999,,3.57904556634304
17,16,1,2,1,1,1,2,"09:06","09/06/2022",1,43,7,999,,3.57904556634304
17,16,1,2,1,1,1,1,"09:05","09/06/2022",1,38,1,999,,3.57904556634304
17,16,1,2,1,1,1,4,"09:07","09/06/2022",2,37,6,999,,3.57904556634304
17,16,1,2,1,1,1,5,"09:08","09/06/2022",2,38,11,999,,3.57904556634304
18,17,1,2,2,1,1,2,"12:08","06/06/2022",2,29,4,999,,41.0282164502164
18,17,1,2,2,1,1,1,"12:06","06/06/2022",1,37,3,999,,41.0282164502164
19,18,1,2,1,1,1,1,"09:55","08/06/2022",1,53,2,1,,19.94468875
19,18,1,2,1,1,1,3,"09:57","08/06/2022",2,27,7,1,,19.94468875
19,18,1,2,1,1,1,2,"09:56","08/06/2022",2,44,9,1,,19.94468875
19,18,1,2,1,1,1,4,"09:58","08/06/2022",1,50,11,1,,19.94468875
19,18,1,2,1,1,1,5,"09:59","08/06/2022",1,49,1,2,,19.94468875
20,19,1,2,2,1,1,2,"10:17","08/06/2022",1,33,555,999,4,39.7495568493151
20,19,1,2,2,1,1,1,"10:15","08/06/2022",1,40,1,8,,39.7495568493151
21,20,1,2,1,1,1,1,"13:42","10/06/2022",2,41,4,1,,92.4598432989691
21,20,1,2,1,1,1,2,"13:42","10/06/2022",1,25,7,999,,92.4598432989691
21,20,1,2,1,1,1,3,"13:45","10/06/2022",1,38,1,3,,92.4598432989691
22,21,1,2,1,1,1,1,"13:37","08/06/2022",1,68,1,999,,9.87333272727273
22,21,1,2,1,1,1,2,"13:38","08/06/2022",2,50,2,999,,9.87333272727273
23,22,1,2,1,1,1,1,"12:54","09/06/2022",1,48,1,999,,15.03859
23,22,1,2,1,1,1,2,"12:55","09/06/2022",2,43,4,999,,15.03859
23,22,1,2,1,1,1,3,"12:56","09/06/2022",2,60,2,999,,15.03859
24,23,1,2,1,1,1,1,"10:01","10/06/2022",1,60,1,9,,21.1205211428571
24,23,1,2,1,1,1,2,"10:02","10/06/2022",2,47,555,999,17,21.1205211428571
25,24,1,2,1,1,1,1,"15:03","08/06/2022",1,43,4,9,,16.7416508571429
26,25,1,2,1,1,1,3,"14:23","10/06/2022",2,57,555,9,18,15.1199458740018
26,25,1,2,1,1,1,1,"14:20","10/06/2022",1,39,4,9,,15.1199458740018
26,25,1,2,1,1,1,2,"14:22","10/06/2022",1,32,555,9,7,15.1199458740018
27,26,1,2,1,1,1,1,"14:04","09/06/2022",2,40,4,9,,4.12082943262411
27,26,1,2,1,1,1,2,"14:05","09/06/2022",2,39,2,6,,4.12082943262411
27,26,1,2,1,1,1,4,"14:08","09/06/2022",2,44,11,9,,4.12082943262411
27,26,1,2,1,1,1,6,"14:11","09/06/2022",2,23,6,999,,4.12082943262411
27,26,1,2,1,1,1,7,"14:13","09/06/2022",2,63,555,9,9,4.12082943262411
27,26,1,2,1,1,1,5,"14:09","09/06/2022",1,51,555,9,8,4.12082943262411
27,26,1,2,1,1,1,3,"14:07","09/06/2022",1,44,3,9,,4.12082943262411
28,27,1,2,1,1,4,2,"12:28","10/06/2022",1,42,7,999,,11.2538897515528
28,27,1,2,1,1,4,4,"12:29","10/06/2022",1,34,3,999,,11.2538897515528
28,27,1,2,1,1,4,1,"12:27","10/06/2022",1,37,1,999,,11.2538897515528
28,27,1,2,1,1,4,3,"12:29","10/06/2022",2,37,4,999,,11.2538897515528
29,28,1,2,1,1,1,2,"09:39","08/06/2022",1,67,3,999,,65.775825
29,28,1,2,1,1,1,1,"09:37","08/06/2022",1,44,1,999,,65.775825
29,28,1,2,1,1,1,3,"09:52","08/06/2022",2,38,6,999,,65.775825
29,28,1,2,1,1,1,4,"10:00","08/06/2022",2,58,4,555,2,65.775825
30,29,1,2,2,1,1,1,"12:23","07/06/2022",1,41,3,999,,27.3053669724771
30,29,1,2,2,1,1,2,"12:26","07/06/2022",1,53,2,555,14,27.3053669724771
31,30,1,2,1,1,1,3,"10:26","10/06/2022",1,37,555,1,11,7.984714375
31,30,1,2,1,1,1,1,"10:11","10/06/2022",1,45,555,1,1,7.984714375
31,30,1,2,1,1,1,4,"10:29","10/06/2022",1,54,3,999,,7.984714375
31,30,1,2,1,1,1,2,"10:26","10/06/2022",1,30,4,8,,7.984714375
32,31,1,2,1,1,1,3,"09:34","09/06/2022",2,32,4,999,,4.23082260869565
32,31,1,2,1,1,1,1,"09:32","09/06/2022",1,42,1,999,,4.23082260869565
32,31,1,2,1,1,1,2,"09:33","09/06/2022",1,50,3,999,,4.23082260869565
33,32,1,2,1,1,1,2,"10:20","10/06/2022",2,42,2,999,,21.1555548
33,32,1,2,1,1,1,1,"10:17","10/06/2022",1,68,3,999,,21.1555548
33,32,1,2,1,1,1,3,"10:28","10/06/2022",2,32,2,999,,21.1555548
34,33,1,2,2,1,2,5,"14:50","06/06/2022",2,42,4,999,,48.7433
34,33,1,2,2,1,2,3,"14:48","06/06/2022",1,42,3,999,,48.7433
34,33,1,2,2,1,2,2,"14:47","06/06/2022",1,49,1,555,1,48.7433
34,33,1,2,2,1,2,4,"14:50","06/06/2022",2,30,2,999,,48.7433
34,33,1,2,2,1,2,1,"14:46","06/06/2022",1,35,555,999,8,48.7433
35,34,1,3,1,1,1,1,"10:38","09/06/2022",1,40,1,999,,39.1813092105263
35,34,1,3,1,1,1,2,"10:40","09/06/2022",1,43,3,999,,39.1813092105263
36,35,1,3,2,1,2,3,"13:34","07/06/2022",2,28,2,999,,33.7477419354839
36,35,1,3,2,1,2,2,"13:33","07/06/2022",2,40,4,999,,33.7477419354839
36,35,1,3,2,1,2,1,"13:32","07/06/2022",1,49,1,999,,33.7477419354839
36,35,1,3,2,1,2,5,"13:45","07/06/2022",1,33,7,999,,33.7477419354839
36,35,1,3,2,1,2,4,"13:43","07/06/2022",1,43,3,999,,33.7477419354839
37,36,1,3,1,1,1,2,"09:56","10/06/2022",2,42,555,3,2,13.9474928131417
37,36,1,3,1,1,1,1,"09:52","10/06/2022",2,36,2,8,,13.9474928131417
38,37,1,3,1,1,1,3,"12:27","10/06/2022",1,30,5,3,,12.3686712765957
38,37,1,3,1,1,1,2,"12:26","10/06/2022",2,40,5,3,,12.3686712765957
38,37,1,3,1,1,1,4,"12:27","10/06/2022",1,45,1,9,,12.3686712765957
38,37,1,3,1,1,1,5,"12:29","10/06/2022",1,45,3,4,,12.3686712765957
38,37,1,3,1,1,1,1,"12:25","10/06/2022",1,46,3,999,,12.3686712765957
39,38,1,3,1,1,7,2,"12:16","09/06/2022",1,30,3,999,,28.5102728323699
39,38,1,3,1,1,7,1,"12:15","09/06/2022",2,42,1,999,,28.5102728323699
39,38,1,3,1,1,7,4,"12:33","09/06/2022",1,62,4,999,,28.5102728323699
39,38,1,3,1,1,7,3,"12:32","09/06/2022",2,46,2,999,,28.5102728323699
40,39,1,3,1,1,1,3,"11:41","08/06/2022",1,40,3,999,,46.9627568421053
40,39,1,3,1,1,1,1,"11:38","08/06/2022",2,33,6,999,,46.9627568421053
40,39,1,3,1,1,1,2,"11:40","08/06/2022",2,45,11,8,,46.9627568421053
41,40,1,3,1,1,1,1,"09:45","09/06/2022",2,62,11,999,,43.053996
42,41,1,3,1,1,1,3,"09:16","10/06/2022",1,40,3,999,,23.9960368421053
42,41,1,3,1,1,1,5,"09:17","10/06/2022",2,52,11,999,,23.9960368421053
42,41,1,3,1,1,1,4,"09:16","10/06/2022",2,60,6,999,,23.9960368421053
42,41,1,3,1,1,1,2,"09:15","10/06/2022",1,37,11,999,,23.9960368421053
42,41,1,3,1,1,1,1,"09:14","10/06/2022",1,49,1,999,,23.9960368421053
43,42,1,3,1,1,1,4,"12:59","09/06/2022",2,33,6,999,,27.0597727969349
43,42,1,3,1,1,1,3,"12:58","09/06/2022",1,48,3,999,,27.0597727969349
43,42,1,3,1,1,1,2,"12:57","09/06/2022",2,53,2,999,,27.0597727969349
43,42,1,3,1,1,1,1,"12:56","09/06/2022",1,52,1,999,,27.0597727969349
45,43,1,3,1,1,1,1,"11:56","08/06/2022",1,35,3,999,,17.1043262068966
45,43,1,3,1,1,1,6,"12:03","08/06/2022",2,55,11,999,,17.1043262068966
45,43,1,3,1,1,1,3,"11:58","08/06/2022",1,38,4,999,,17.1043262068966
45,43,1,3,1,1,1,2,"11:57","08/06/2022",2,29,2,555,19,17.1043262068966
45,43,1,3,1,1,1,5,"12:02","08/06/2022",2,26,7,999,,17.1043262068966
45,43,1,3,1,1,1,4,"12:00","08/06/2022",2,37,555,999,14,17.1043262068966
46,44,1,3,2,1,4,1,"15:54","08/06/2022",1,32,1,999,,34.238744813278
46,44,1,3,2,1,4,2,"15:55","08/06/2022",1,28,4,999,,34.238744813278
46,44,1,3,2,1,4,3,"15:56","08/06/2022",1,45,2,4,,34.238744813278
47,45,1,3,1,1,1,1,"12:09","10/06/2022",1,30,1,999,,88.8850588235294
47,45,1,3,1,1,1,3,"12:11","10/06/2022",1,45,4,999,,88.8850588235294
47,45,1,3,1,1,1,2,"12:10","10/06/2022",1,50,3,999,,88.8850588235294
48,46,1,3,1,1,1,3,"09:39","08/06/2022",1,49,4,999,,24.1846151162791
48,46,1,3,1,1,1,1,"09:36","08/06/2022",1,63,1,999,,24.1846151162791
48,46,1,3,1,1,1,2,"09:37","08/06/2022",1,53,3,999,,24.1846151162791
49,47,1,3,1,1,1,3,"09:33","09/06/2022",2,56,4,999,,22.5478852941176
49,47,1,3,1,1,1,1,"09:30","09/06/2022",1,51,1,999,,22.5478852941176
49,47,1,3,1,1,1,2,"09:31","09/06/2022",1,49,3,999,,22.5478852941176
50,48,2,1,1,1,1,1,"11:09","23/06/2022",1,42,1,9,,20.2034487562189
50,48,2,1,1,1,1,2,"11:10","23/06/2022",2,53,2,8,,20.2034487562189
50,48,2,1,1,1,1,3,"11:12","23/06/2022",1,43,3,999,,20.2034487562189
51,49,2,1,1,1,1,1,"07:36","22/06/2022",1,30,3,999,,8.52196355140187
51,49,2,1,1,1,1,2,"07:37","22/06/2022",2,50,2,999,,8.52196355140187
51,49,2,1,1,1,1,3,"07:38","22/06/2022",2,52,4,999,,8.52196355140187
52,50,2,1,2,1,1,5,"13:09","23/06/2022",2,35,6,999,,90.9873333333333
52,50,2,1,2,1,1,3,"13:06","23/06/2022",1,42,2,999,,90.9873333333333
52,50,2,1,2,1,1,1,"13:04","23/06/2022",1,40,1,999,,90.9873333333333
52,50,2,1,2,1,1,4,"13:07","23/06/2022",2,30,4,8,,90.9873333333333
52,50,2,1,2,1,1,2,"13:05","23/06/2022",1,38,3,999,,90.9873333333333
53,51,2,1,2,1,1,3,"12:07","22/06/2022",2,40,2,999,,152.80155
53,51,2,1,2,1,1,2,"12:07","22/06/2022",1,45,3,999,,152.80155
53,51,2,1,2,1,1,1,"12:06","22/06/2022",2,54,1,999,,152.80155
53,51,2,1,2,1,1,4,"12:08","22/06/2022",2,60,4,999,,152.80155
54,52,2,1,2,1,1,1,"12:07","21/06/2022",1,34,3,999,,45.2318409090909
54,52,2,1,2,1,1,2,"12:08","21/06/2022",1,35,1,999,,45.2318409090909
54,52,2,1,2,1,1,3,"12:08","21/06/2022",2,36,4,999,,45.2318409090909
55,53,2,1,2,1,1,3,"11:59","21/06/2022",2,38,11,999,,207.560347826087
55,53,2,1,2,1,1,1,"11:57","21/06/2022",1,32,1,999,,207.560347826087
55,53,2,1,2,1,1,4,"11:59","21/06/2022",2,30,2,999,,207.560347826087
55,53,2,1,2,1,1,2,"11:58","21/06/2022",1,40,3,999,,207.560347826087
56,54,2,2,2,1,10,1,"14:13","20/06/2022",1,27,1,999,,11.9489366834171
57,55,2,2,2,1,10,2,"09:55","13/06/2022",1,53,555,3,14,6.323716875
57,55,2,2,2,1,10,1,"09:52","13/06/2022",1,49,1,999,,6.323716875
58,56,2,2,2,1,10,1,"15:15","13/06/2022",1,37,1,999,,94.0141550802139
59,57,2,2,2,1,10,1,"09:59","18/06/2022",1,36,1,8,,11.4382214285714
60,58,2,2,2,1,10,1,"11:38","19/06/2022",1,38,1,999,,15.5927013157895
60,58,2,2,2,1,10,2,"11:40","19/06/2022",2,40,555,3,2,15.5927013157895
61,59,2,2,2,1,10,1,"13:22","17/06/2022",1,32,3,999,,10.5182256410256
61,59,2,2,2,1,10,2,"13:22","17/06/2022",1,38,1,999,,10.5182256410256
62,60,2,2,2,1,10,1,"09:42","17/06/2022",1,24,1,999,,9.59673777777778
62,60,2,2,2,1,10,2,"09:43","17/06/2022",1,40,11,999,,9.59673777777778
63,61,2,2,2,1,10,2,"13:46","16/06/2022",1,42,555,3,7,5.68636416666667
63,61,2,2,2,1,10,1,"13:44","16/06/2022",2,29,1,999,,5.68636416666667
64,62,2,2,2,1,10,2,"12:07","20/06/2022",2,30,2,999,,7.20332459016393
64,62,2,2,2,1,10,1,"12:06","20/06/2022",2,28,1,999,,7.20332459016393
65,63,2,2,2,1,10,1,"15:36","15/06/2022",1,47,1,999,,10.1865876923077
66,64,2,2,2,1,10,1,"09:49","16/06/2022",2,49,2,999,,4.40477818181818
66,64,2,2,2,1,10,2,"09:50","16/06/2022",1,48,11,999,,4.40477818181818
67,65,2,2,2,1,10,2,"10:10","15/06/2022",1,40,3,999,,6.27120765957447
67,65,2,2,2,1,10,1,"10:07","15/06/2022",1,42,1,999,,6.27120765957447
68,66,2,2,2,1,10,1,"10:23","14/06/2022",2,53,1,7,,138.488
69,67,2,2,2,1,10,1,"13:59","14/06/2022",1,40,1,7,,6.55938214285714
69,67,2,2,2,1,10,2,"14:00","14/06/2022",2,49,4,999,,6.55938214285714
70,68,2,2,2,1,10,1,"10:41","21/06/2022",1,39,1,999,,5.97752774193548
71,69,2,2,2,1,10,1,"13:10","21/06/2022",1,43,1,999,,111.031052054795
79,70,2,3,1,1,1,1,"08:51","15/06/2022",1,45,1,999,,13.34441
79,70,2,3,1,1,1,3,"08:56","15/06/2022",2,44,2,999,,13.34441
79,70,2,3,1,1,1,2,"08:55","15/06/2022",1,33,3,999,,13.34441
80,71,2,3,2,1,2,3,"12:41","13/06/2022",1,28,11,999,,104.835668449198
80,71,2,3,2,1,2,1,"12:38","13/06/2022",1,34,1,999,,104.835668449198
80,71,2,3,2,1,2,2,"12:40","13/06/2022",1,30,3,999,,104.835668449198
81,72,2,3,2,1,1,1,"08:59","18/06/2022",1,41,1,999,,112.872822222222
81,72,2,3,2,1,1,2,"09:01","18/06/2022",1,39,3,999,,112.872822222222
81,72,2,3,2,1,1,3,"09:04","18/06/2022",2,44,4,999,,112.872822222222
82,73,2,3,2,1,1,3,"11:43","14/06/2022",2,45,4,999,,198.80024
82,73,2,3,2,1,1,1,"11:41","14/06/2022",1,41,1,999,,198.80024
82,73,2,3,2,1,1,2,"11:42","14/06/2022",1,30,3,999,,198.80024
83,74,2,4,2,1,1,5,"16:38","14/06/2022",2,46,6,999,,283.146722891566
83,74,2,4,2,1,1,1,"16:33","14/06/2022",1,35,1,999,,283.146722891566
83,74,2,4,2,1,1,4,"16:37","14/06/2022",1,34,4,999,,283.146722891566
83,74,2,4,2,1,1,2,"16:35","14/06/2022",1,34,3,999,,283.146722891566
83,74,2,4,2,1,1,3,"16:37","14/06/2022",1,60,2,999,,283.146722891566
83,74,2,4,2,1,1,6,"16:39","14/06/2022",2,41,4,999,,283.146722891566
84,75,2,4,2,1,1,1,"09:47","15/06/2022",1,55,1,999,,72.2506289308176
84,75,2,4,2,1,1,4,"09:49","15/06/2022",2,40,4,999,,72.2506289308176
84,75,2,4,2,1,1,5,"09:50","15/06/2022",1,37,2,999,,72.2506289308176
84,75,2,4,2,1,1,2,"09:48","15/06/2022",1,40,3,999,,72.2506289308176
84,75,2,4,2,1,1,3,"09:49","15/06/2022",2,54,2,999,,72.2506289308176
85,76,2,4,1,1,1,1,"12:13","18/06/2022",1,45,1,999,,18.0142465909091
85,76,2,4,1,1,1,2,"12:21","18/06/2022",2,35,3,999,,18.0142465909091
86,77,2,4,1,1,1,2,"14:16","20/06/2022",1,45,3,999,,18.0087829787234
86,77,2,4,1,1,1,3,"14:17","20/06/2022",2,35,2,999,,18.0087829787234
86,77,2,4,1,1,1,1,"14:15","20/06/2022",2,50,1,999,,18.0087829787234
87,78,2,4,2,1,1,1,"15:22","17/06/2022",1,43,1,999,,102.260069686411
87,78,2,4,2,1,1,5,"15:25","17/06/2022",1,30,4,999,,102.260069686411
87,78,2,4,2,1,1,3,"15:24","17/06/2022",2,52,2,999,,102.260069686411
87,78,2,4,2,1,1,4,"15:24","17/06/2022",2,46,11,999,,102.260069686411
87,78,2,4,2,1,1,2,"15:23","17/06/2022",1,37,3,999,,102.260069686411
88,79,2,4,1,1,1,2,"11:07","17/06/2022",1,42,3,999,,12.1381444776119
88,79,2,4,1,1,1,3,"11:08","17/06/2022",2,39,2,999,,12.1381444776119
88,79,2,4,1,1,1,1,"11:06","17/06/2022",1,40,1,999,,12.1381444776119
89,80,2,4,1,1,1,3,"10:51","16/06/2022",2,57,11,4,,15.4509974137931
89,80,2,4,1,1,1,2,"10:50","16/06/2022",1,38,3,999,,15.4509974137931
89,80,2,4,1,1,1,1,"10:48","16/06/2022",1,46,1,999,,15.4509974137931
89,80,2,4,1,1,1,4,"10:52","16/06/2022",2,28,2,999,,15.4509974137931
90,81,2,5,2,1,1,4,"14:18","13/06/2022",2,42,6,8,,124.678725925926
90,81,2,5,2,1,1,3,"14:17","13/06/2022",1,38,11,4,,124.678725925926
90,81,2,5,2,1,1,2,"14:16","13/06/2022",1,40,3,999,,124.678725925926
90,81,2,5,2,1,1,1,"14:13","13/06/2022",1,44,1,999,,124.678725925926
91,82,2,5,2,1,1,1,"16:13","14/06/2022",1,35,1,999,,5.83359555555556
91,82,2,5,2,1,1,3,"16:13","14/06/2022",2,46,2,999,,5.83359555555556
91,82,2,5,2,1,1,2,"16:13","14/06/2022",1,36,3,999,,5.83359555555556
92,83,2,5,1,1,1,2,"10:31","18/06/2022",1,43,1,999,,6.58144009096816
92,83,2,5,1,1,1,3,"10:32","18/06/2022",1,39,3,999,,6.58144009096816
92,83,2,5,1,1,1,1,"10:31","18/06/2022",1,37,4,999,,6.58144009096816
93,84,2,5,2,1,1,1,"14:48","18/06/2022",2,34,2,999,,6.03000852631579
93,84,2,5,2,1,1,3,"14:50","18/06/2022",1,35,3,999,,6.03000852631579
93,84,2,5,2,1,1,2,"14:49","18/06/2022",1,40,1,999,,6.03000852631579
94,85,2,5,2,1,1,3,"10:43","13/06/2022",1,30,4,999,,5.1029127090301
94,85,2,5,2,1,1,2,"10:42","13/06/2022",1,31,3,999,,5.1029127090301
94,85,2,5,2,1,1,1,"10:41","13/06/2022",1,44,1,999,,5.1029127090301
95,86,2,5,2,1,1,2,"17:33","13/06/2022",1,42,9,999,,8.59660148148148
95,86,2,5,2,1,1,1,"17:32","13/06/2022",2,48,1,999,,8.59660148148148
96,87,2,5,2,1,1,1,"11:10","14/06/2022",2,47,1,999,,5.64209608695652
96,87,2,5,2,1,1,2,"11:11","14/06/2022",1,36,3,999,,5.64209608695652
96,87,2,5,2,1,1,3,"11:12","14/06/2022",2,46,2,999,,5.64209608695652
97,88,2,5,2,1,1,2,"16:07","14/06/2022",2,37,2,999,,4.88795216326531
97,88,2,5,2,1,1,1,"16:06","14/06/2022",1,40,1,999,,4.88795216326531
97,88,2,5,2,1,1,3,"16:07","14/06/2022",1,40,3,999,,4.88795216326531
98,89,2,5,2,1,1,2,"15:03","17/06/2022",1,35,1,999,,7.90328774193548
98,89,2,5,2,1,1,1,"15:02","17/06/2022",1,57,4,999,,7.90328774193548
98,89,2,5,2,1,1,3,"15:03","17/06/2022",1,35,3,999,,7.90328774193548
99,90,2,5,2,1,1,3,"08:36","20/06/2022",2,40,2,999,,134.667481889764
99,90,2,5,2,1,1,2,"08:36","20/06/2022",1,36,3,999,,134.667481889764
99,90,2,5,2,1,1,1,"08:35","20/06/2022",1,38,1,999,,134.667481889764
100,91,2,5,2,1,1,2,"16:49","20/06/2022",1,35,3,999,,179.081928947368
100,91,2,5,2,1,1,1,"16:49","20/06/2022",2,25,1,999,,179.081928947368
100,91,2,5,2,1,1,3,"16:50","20/06/2022",1,40,4,999,,179.081928947368
101,92,2,5,2,1,1,2,"14:02","16/06/2022",1,55,1,999,,11.0025058064516
101,92,2,5,2,1,1,1,"14:02","16/06/2022",2,24,4,999,,11.0025058064516
102,93,2,5,1,1,1,3,"14:50","15/06/2022",1,40,3,999,,6.93965068493151
102,93,2,5,1,1,1,2,"14:50","15/06/2022",2,35,11,999,,6.93965068493151
102,93,2,5,1,1,1,1,"14:49","15/06/2022",1,55,1,999,,6.93965068493151
103,94,2,5,2,1,1,2,"10:48","15/06/2022",1,39,3,999,,7.06769470588235
103,94,2,5,2,1,1,1,"10:48","15/06/2022",2,34,4,999,,7.06769470588235
103,94,2,5,2,1,1,3,"10:49","15/06/2022",2,55,1,999,,7.06769470588235
104,95,2,5,2,1,1,2,"09:43","16/06/2022",1,43,3,999,,11.688666
104,95,2,5,2,1,1,3,"09:44","16/06/2022",2,37,2,999,,11.688666
104,95,2,5,2,1,1,1,"09:43","16/06/2022",1,45,1,999,,11.688666
105,96,2,5,2,1,1,1,"10:31","17/06/2022",1,59,1,999,,7.49371745454545
105,96,2,5,2,1,1,2,"10:31","17/06/2022",2,42,2,999,,7.49371745454545
105,96,2,5,2,1,1,3,"10:32","17/06/2022",1,38,3,999,,7.49371745454545
114,97,2,6,2,1,1,1,"12:41","22/06/2022",1,30,3,999,,109.48854
114,97,2,6,2,1,1,2,"12:42","22/06/2022",1,39,1,2,,109.48854
114,97,2,6,2,1,1,4,"12:43","22/06/2022",2,45,2,999,,109.48854
114,97,2,6,2,1,1,3,"12:42","22/06/2022",2,63,5,999,,109.48854
115,98,2,6,1,1,1,2,"12:28","21/06/2022",1,32,9,999,,6.9631550877193
115,98,2,6,1,1,1,3,"12:44","21/06/2022",1,62,1,999,,6.9631550877193
115,98,2,6,1,1,1,1,"12:26","21/06/2022",2,53,11,555,11,6.9631550877193
116,99,2,6,2,1,1,3,"16:29","21/06/2022",1,38,1,9,,138.22532038835
116,99,2,6,2,1,1,1,"16:28","21/06/2022",2,42,6,7,,138.22532038835
116,99,2,6,2,1,1,2,"16:28","21/06/2022",2,43,2,8,,138.22532038835
117,100,2,6,2,1,1,1,"11:32","18/06/2022",1,34,5,4,,121.078246153846
117,100,2,6,2,1,1,3,"11:34","18/06/2022",1,44,3,7,,121.078246153846
117,100,2,6,2,1,1,4,"11:35","18/06/2022",2,36,4,2,,121.078246153846
117,100,2,6,2,1,1,2,"11:33","18/06/2022",2,35,6,999,,121.078246153846
118,101,2,6,2,1,2,3,"15:25","20/06/2022",1,40,4,7,,164.318615384615
118,101,2,6,2,1,2,2,"15:23","20/06/2022",1,53,4,2,,164.318615384615
118,101,2,6,2,1,2,1,"15:23","20/06/2022",1,47,1,7,,164.318615384615
119,102,2,6,1,1,1,1,"11:10","20/06/2022",1,37,3,2,,26.6755114503817
119,102,2,6,1,1,1,2,"11:11","20/06/2022",2,35,1,2,,26.6755114503817
119,102,2,6,1,1,1,3,"11:11","20/06/2022",2,43,6,2,,26.6755114503817
120,103,2,7,1,1,1,3,"11:13","13/06/2022",2,38,4,999,,10.14123
120,103,2,7,1,1,1,2,"11:12","13/06/2022",2,54,1,2,,10.14123
120,103,2,7,1,1,1,1,"11:11","13/06/2022",1,52,3,9,,10.14123
120,103,2,7,1,1,1,4,"11:13","13/06/2022",2,32,5,2,,10.14123
121,104,2,7,2,1,1,2,"15:49","14/06/2022",2,51,1,3,,90.2549166666667
121,104,2,7,2,1,1,1,"15:48","14/06/2022",2,55,5,2,,90.2549166666667
121,104,2,7,2,1,1,4,"15:51","14/06/2022",1,36,7,999,,90.2549166666667
121,104,2,7,2,1,1,3,"15:50","14/06/2022",1,61,4,2,,90.2549166666667
122,105,2,7,2,1,1,1,"14:09","15/06/2022",1,34,3,999,,53.5930577507599
122,105,2,7,2,1,1,3,"14:11","15/06/2022",2,37,11,1,,53.5930577507599
122,105,2,7,2,1,1,2,"14:09","15/06/2022",2,50,2,8,,53.5930577507599
123,106,2,7,1,1,1,1,"16:28","16/06/2022",1,54,11,7,,6.04231948051948
123,106,2,7,1,1,1,3,"16:30","16/06/2022",2,38,2,999,,6.04231948051948
123,106,2,7,1,1,1,2,"16:29","16/06/2022",1,39,3,999,,6.04231948051948
123,106,2,7,1,1,1,4,"16:31","16/06/2022",1,40,1,3,,6.04231948051948
124,107,2,7,1,1,1,2,"14:08","17/06/2022",2,30,4,9,,7.471653
124,107,2,7,1,1,1,1,"14:06","17/06/2022",1,54,1,3,,7.471653
124,107,2,7,1,1,1,3,"14:08","17/06/2022",1,35,3,999,,7.471653
125,108,2,7,2,1,1,2,"11:47","16/06/2022",1,36,3,4,,100.539116883117
125,108,2,7,2,1,1,1,"11:46","16/06/2022",1,36,1,8,,100.539116883117
125,108,2,7,2,1,1,3,"11:48","16/06/2022",2,56,4,2,,100.539116883117
126,109,2,7,1,1,1,5,"18:15","14/06/2022",1,38,4,999,,16.0080777777778
126,109,2,7,1,1,1,3,"18:08","14/06/2022",2,52,11,999,,16.0080777777778
126,109,2,7,1,1,1,4,"18:09","14/06/2022",2,40,2,6,,16.0080777777778
126,109,2,7,1,1,1,2,"18:06","14/06/2022",1,59,8,999,,16.0080777777778
126,109,2,7,1,1,1,1,"18:04","14/06/2022",1,53,3,9,,16.0080777777778
127,110,2,8,2,1,1,1,"13:44","07/06/2022",1,34,3,999,,60.01412
127,110,2,8,2,1,1,6,"13:52","07/06/2022",2,49,6,8,,60.01412
127,110,2,8,2,1,1,2,"13:46","07/06/2022",1,26,7,555,10,60.01412
127,110,2,8,2,1,1,5,"13:51","07/06/2022",2,25,11,999,,60.01412
127,110,2,8,2,1,1,3,"13:47","07/06/2022",1,46,4,1,,60.01412
127,110,2,8,2,1,1,4,"13:49","07/06/2022",1,34,10,9,,60.01412
128,111,2,8,1,1,1,4,"20:28","06/06/2022",1,66,3,999,,4.83481479713604
128,111,2,8,1,1,1,2,"20:27","06/06/2022",1,52,1,3,,4.83481479713604
128,111,2,8,1,1,1,5,"20:28","06/06/2022",2,53,11,999,,4.83481479713604
128,111,2,8,1,1,1,3,"20:28","06/06/2022",2,31,4,999,,4.83481479713604
128,111,2,8,1,1,1,1,"20:27","06/06/2022",1,42,2,999,,4.83481479713604
129,112,2,8,2,1,2,7,"15:17","06/06/2022",1,53,10,9,,72.9900818181818
129,112,2,8,2,1,2,2,"15:07","06/06/2022",2,31,11,8,,72.9900818181818
129,112,2,8,2,1,2,1,"15:06","06/06/2022",1,51,3,999,,72.9900818181818
129,112,2,8,2,1,2,4,"15:11","06/06/2022",2,24,7,999,,72.9900818181818
129,112,2,8,2,1,2,6,"15:16","06/06/2022",2,59,8,999,,72.9900818181818
129,112,2,8,2,1,2,5,"15:15","06/06/2022",2,58,4,555,9,72.9900818181818
129,112,2,8,2,1,2,3,"15:10","06/06/2022",1,33,555,7,17,72.9900818181818
130,113,2,8,1,1,1,3,"11:27","07/06/2022",1,36,3,999,,9.81552
130,113,2,8,1,1,1,1,"11:24","07/06/2022",1,49,1,999,,9.81552
130,113,2,8,1,1,1,2,"11:26","07/06/2022",1,34,4,9,,9.81552
131,114,2,8,2,1,1,4,"12:26","06/06/2022",2,40,4,8,,82.8797946428571
131,114,2,8,2,1,1,1,"12:20","06/06/2022",1,40,1,8,,82.8797946428571
131,114,2,8,2,1,1,6,"12:28","06/06/2022",1,60,5,999,,82.8797946428571
131,114,2,8,2,1,1,9,"12:31","06/06/2022",1,46,3,999,,82.8797946428571
131,114,2,8,2,1,1,8,"12:30","06/06/2022",2,52,2,999,,82.8797946428571
131,114,2,8,2,1,1,7,"12:29","06/06/2022",1,72,2,999,,82.8797946428571
131,114,2,8,2,1,1,2,"12:21","06/06/2022",1,40,3,999,,82.8797946428571
131,114,2,8,2,1,1,3,"12:22","06/06/2022",2,31,4,999,,82.8797946428571
131,114,2,8,2,1,1,5,"12:27","06/06/2022",1,26,7,999,,82.8797946428571
132,115,2,8,2,1,1,4,"11:27","07/06/2022",1,48,11,999,,95.6783076923077
132,115,2,8,2,1,1,5,"11:27","07/06/2022",1,60,10,999,,95.6783076923077
132,115,2,8,2,1,1,2,"11:24","07/06/2022",2,38,6,999,,95.6783076923077
132,115,2,8,2,1,1,1,"11:24","07/06/2022",1,58,1,999,,95.6783076923077
132,115,2,8,2,1,1,6,"11:28","07/06/2022",1,54,10,999,,95.6783076923077
132,115,2,8,2,1,1,3,"11:26","07/06/2022",2,48,10,999,,95.6783076923077
133,116,2,8,1,1,1,4,"13:05","06/06/2022",1,37,4,999,,9.9624364640884
133,116,2,8,1,1,1,3,"13:04","06/06/2022",1,48,3,8,,9.9624364640884
133,116,2,8,1,1,1,1,"13:02","06/06/2022",2,56,1,999,,9.9624364640884
133,116,2,8,1,1,1,2,"13:03","06/06/2022",2,40,2,999,,9.9624364640884
134,117,2,8,1,1,1,3,"14:42","07/06/2022",2,26,2,999,,5.43553831877729
134,117,2,8,1,1,1,1,"14:40","07/06/2022",1,55,1,999,,5.43553831877729
134,117,2,8,1,1,1,2,"14:41","07/06/2022",1,42,4,999,,5.43553831877729
135,118,3,1,2,1,1,3,"11:08","24/06/2022",2,42,11,999,,9.30926727272727
135,118,3,1,2,1,1,4,"11:08","24/06/2022",2,35,4,999,,9.30926727272727
135,118,3,1,2,1,1,2,"11:07","24/06/2022",1,41,5,999,,9.30926727272727
135,118,3,1,2,1,1,1,"11:06","24/06/2022",1,58,1,999,,9.30926727272727
136,119,3,1,2,1,1,2,"11:35","23/06/2022",1,31,3,999,,8.84043631578947
136,119,3,1,2,1,1,3,"11:36","23/06/2022",2,50,4,999,,8.84043631578947
136,119,3,1,2,1,1,4,"11:37","23/06/2022",2,49,555,999,9,8.84043631578947
136,119,3,1,2,1,1,1,"11:30","23/06/2022",1,38,1,999,,8.84043631578947
137,120,3,1,1,1,1,1,"08:36","23/06/2022",2,48,1,999,,23.9924330935252
137,120,3,1,1,1,1,4,"08:38","23/06/2022",2,32,4,999,,23.9924330935252
137,120,3,1,1,1,1,3,"08:38","23/06/2022",2,28,2,999,,23.9924330935252
137,120,3,1,1,1,1,2,"08:37","23/06/2022",1,66,3,4,,23.9924330935252
138,121,3,1,2,1,1,2,"17:09","20/06/2022",2,39,2,8,,6.05804417910448
138,121,3,1,2,1,1,1,"17:08","20/06/2022",1,35,1,999,,6.05804417910448
138,121,3,1,2,1,1,4,"17:10","20/06/2022",1,30,4,999,,6.05804417910448
138,121,3,1,2,1,1,3,"17:09","20/06/2022",1,52,3,999,,6.05804417910448
139,122,3,1,2,1,1,4,"18:10","14/06/2022",1,31,11,999,,8.73729090909091
139,122,3,1,2,1,1,1,"18:08","14/06/2022",1,52,1,999,,8.73729090909091
139,122,3,1,2,1,1,3,"18:10","14/06/2022",2,28,4,999,,8.73729090909091
139,122,3,1,2,1,1,5,"18:11","14/06/2022",1,48,3,999,,8.73729090909091
139,122,3,1,2,1,1,2,"18:09","14/06/2022",1,53,2,999,,8.73729090909091
140,123,3,1,2,1,1,2,"16:23","14/06/2022",1,36,3,999,,8.86556956521739
140,123,3,1,2,1,1,4,"16:24","14/06/2022",2,31,4,9,,8.86556956521739
140,123,3,1,2,1,1,1,"16:23","14/06/2022",1,39,1,999,,8.86556956521739
140,123,3,1,2,1,1,5,"16:24","14/06/2022",2,30,6,999,,8.86556956521739
140,123,3,1,2,1,1,3,"16:23","14/06/2022",2,32,11,9,,8.86556956521739
141,124,3,1,2,1,1,5,"09:48","18/06/2022",2,37,4,999,,7.22822444444444
141,124,3,1,2,1,1,2,"09:45","18/06/2022",1,28,3,999,,7.22822444444444
141,124,3,1,2,1,1,4,"09:47","18/06/2022",1,32,11,999,,7.22822444444444
141,124,3,1,2,1,1,1,"09:45","18/06/2022",1,37,1,999,,7.22822444444444
141,124,3,1,2,1,1,3,"09:46","18/06/2022",1,30,2,999,,7.22822444444444
142,125,3,1,2,1,1,5,"09:41","22/06/2022",1,31,5,999,,7.96816413461539
142,125,3,1,2,1,1,4,"09:38","22/06/2022",1,44,2,8,,7.96816413461539
142,125,3,1,2,1,1,2,"09:36","22/06/2022",1,39,3,999,,7.96816413461539
142,125,3,1,2,1,1,3,"09:37","22/06/2022",2,48,4,999,,7.96816413461539
142,125,3,1,2,1,1,1,"09:34","22/06/2022",1,68,1,999,,7.96816413461539
143,126,3,1,2,1,1,1,"12:03","22/06/2022",1,40,1,999,,129.616023809524
143,126,3,1,2,1,1,3,"12:04","22/06/2022",2,45,2,999,,129.616023809524
143,126,3,1,2,1,1,5,"12:05","22/06/2022",1,40,5,999,,129.616023809524
143,126,3,1,2,1,1,2,"12:03","22/06/2022",1,38,3,999,,129.616023809524
143,126,3,1,2,1,1,4,"12:04","22/06/2022",1,38,4,7,,129.616023809524
144,127,3,1,2,1,1,1,"16:09","18/06/2022",1,51,1,999,,6.52797094736842
144,127,3,1,2,1,1,3,"16:13","18/06/2022",1,28,7,999,,6.52797094736842
144,127,3,1,2,1,1,2,"16:11","18/06/2022",1,42,3,999,,6.52797094736842
145,128,3,1,2,1,1,1,"10:45","24/06/2022",1,37,1,999,,143.114677419355
145,128,3,1,2,1,1,4,"10:47","24/06/2022",1,38,2,999,,143.114677419355
145,128,3,1,2,1,1,3,"10:46","24/06/2022",1,40,4,999,,143.114677419355
145,128,3,1,2,1,1,2,"10:45","24/06/2022",1,38,3,999,,143.114677419355
146,129,3,1,1,1,1,3,"10:49","13/06/2022",2,45,4,999,,19.6108301886792
146,129,3,1,1,1,1,1,"10:48","13/06/2022",2,37,1,999,,19.6108301886792
146,129,3,1,1,1,1,4,"10:50","13/06/2022",2,30,2,999,,19.6108301886792
146,129,3,1,1,1,1,5,"10:51","13/06/2022",1,25,7,999,,19.6108301886792
146,129,3,1,1,1,1,2,"10:48","13/06/2022",1,32,3,999,,19.6108301886792
146,129,3,1,1,1,1,6,"10:51","13/06/2022",1,31,11,999,,19.6108301886792
147,130,3,1,2,1,1,6,"10:59","20/06/2022",2,28,6,999,,12.8257836585366
147,130,3,1,2,1,1,1,"10:53","20/06/2022",1,42,1,999,,12.8257836585366
147,130,3,1,2,1,1,3,"10:55","20/06/2022",1,31,4,999,,12.8257836585366
147,130,3,1,2,1,1,4,"10:56","20/06/2022",1,42,2,999,,12.8257836585366
147,130,3,1,2,1,1,5,"10:57","20/06/2022",1,40,11,999,,12.8257836585366
147,130,3,1,2,1,1,2,"10:54","20/06/2022",1,42,3,999,,12.8257836585366
148,131,3,1,2,1,1,1,"09:36","20/06/2022",1,33,1,999,,5.20940357142857
148,131,3,1,2,1,1,3,"09:37","20/06/2022",2,38,2,999,,5.20940357142857
148,131,3,1,2,1,1,2,"09:37","20/06/2022",2,50,4,999,,5.20940357142857
149,132,3,1,2,1,5,4,"15:17","20/06/2022",2,56,11,999,,7.28915877551021
149,132,3,1,2,1,5,1,"15:12","20/06/2022",1,42,1,999,,7.28915877551021
149,132,3,1,2,1,5,2,"15:13","20/06/2022",1,48,3,10,,7.28915877551021
149,132,3,1,2,1,5,3,"15:16","20/06/2022",2,32,2,999,,7.28915877551021
150,133,3,1,2,1,1,1,"10:07","18/06/2022",1,42,1,999,,84.5583622641509
150,133,3,1,2,1,1,2,"10:08","18/06/2022",1,38,3,999,,84.5583622641509
150,133,3,1,2,1,1,3,"10:09","18/06/2022",2,45,11,999,,84.5583622641509
159,134,3,2,2,1,1,3,"17:26","22/06/2022",1,58,11,999,,112.320421052632
159,134,3,2,2,1,1,1,"17:24","22/06/2022",1,27,1,999,,112.320421052632
159,134,3,2,2,1,1,2,"17:25","22/06/2022",1,31,3,999,,112.320421052632
160,135,3,2,2,1,1,4,"10:45","21/06/2022",2,55,2,999,,147.572481927711
160,135,3,2,2,1,1,3,"10:45","21/06/2022",2,45,4,999,,147.572481927711
160,135,3,2,2,1,1,1,"10:44","21/06/2022",1,40,1,999,,147.572481927711
160,135,3,2,2,1,1,2,"10:44","21/06/2022",1,41,3,999,,147.572481927711
161,136,3,2,2,1,4,3,"08:39","24/06/2022",2,35,2,999,,165.54155
161,136,3,2,2,1,4,4,"08:39","24/06/2022",1,45,11,999,,165.54155
161,136,3,2,2,1,4,2,"08:38","24/06/2022",1,45,3,999,,165.54155
161,136,3,2,2,1,4,1,"08:37","24/06/2022",1,34,1,999,,165.54155
162,137,3,3,2,1,6,2,"12:46","23/06/2022",1,25,3,999,,184.221032258065
162,137,3,3,2,1,6,4,"12:47","23/06/2022",2,27,2,999,,184.221032258065
162,137,3,3,2,1,6,1,"12:45","23/06/2022",1,41,1,999,,184.221032258065
162,137,3,3,2,1,6,3,"12:46","23/06/2022",2,41,2,999,,184.221032258065
162,137,3,3,2,1,6,5,"12:48","23/06/2022",1,45,11,999,,184.221032258065
163,138,3,3,1,1,1,2,"08:37","22/06/2022",1,35,3,999,,17.2384463414634
163,138,3,3,1,1,1,4,"08:39","22/06/2022",1,50,4,999,,17.2384463414634
163,138,3,3,1,1,1,3,"08:38","22/06/2022",2,35,2,999,,17.2384463414634
163,138,3,3,1,1,1,1,"08:36","22/06/2022",1,43,1,999,,17.2384463414634
164,139,3,3,1,1,1,3,"17:56","18/06/2022",1,32,2,999,,27.1421528455285
164,139,3,3,1,1,1,4,"17:57","18/06/2022",2,25,11,999,,27.1421528455285
164,139,3,3,1,1,1,2,"17:56","18/06/2022",1,50,2,999,,27.1421528455285
164,139,3,3,1,1,1,1,"17:55","18/06/2022",1,39,1,999,,27.1421528455285
165,140,3,3,1,1,1,3,"11:08","17/06/2022",2,38,6,999,,30.559265408805
165,140,3,3,1,1,1,1,"11:06","17/06/2022",1,50,1,999,,30.559265408805
165,140,3,3,1,1,1,2,"11:07","17/06/2022",1,56,3,999,,30.559265408805
166,141,3,3,1,1,1,2,"15:04","22/06/2022",2,28,11,555,9,12.4060407960199
166,141,3,3,1,1,1,1,"14:59","22/06/2022",2,44,1,999,,12.4060407960199
166,141,3,3,1,1,1,3,"15:05","22/06/2022",1,38,3,8,,12.4060407960199
167,142,3,3,2,1,1,4,"12:20","20/06/2022",2,49,2,4,,121.961137254902
167,142,3,3,2,1,1,1,"12:05","20/06/2022",1,42,1,999,,121.961137254902
167,142,3,3,2,1,1,2,"12:06","20/06/2022",1,33,2,8,,121.961137254902
167,142,3,3,2,1,1,5,"12:23","20/06/2022",1,46,5,3,,121.961137254902
167,142,3,3,2,1,1,3,"12:08","20/06/2022",1,45,7,999,,121.961137254902
168,143,3,3,1,1,1,2,"07:44","20/06/2022",1,65,5,999,,7.21586578366446
168,143,3,3,1,1,1,3,"07:45","20/06/2022",1,43,2,8,,7.21586578366446
168,143,3,3,1,1,1,1,"07:43","20/06/2022",1,41,1,999,,7.21586578366446
169,144,3,3,1,1,1,5,"09:01","22/06/2022",2,44,11,555,9,22.0445028571429
169,144,3,3,1,1,1,1,"08:56","22/06/2022",1,50,1,999,,22.0445028571429
169,144,3,3,1,1,1,4,"09:00","22/06/2022",1,49,8,999,,22.0445028571429
169,144,3,3,1,1,1,2,"08:58","22/06/2022",2,32,9,4,,22.0445028571429
169,144,3,3,1,1,1,3,"08:59","22/06/2022",1,38,3,999,,22.0445028571429
170,145,3,3,2,1,1,2,"15:55","21/06/2022",1,35,3,999,,137.508
170,145,3,3,2,1,1,3,"15:58","21/06/2022",2,52,5,8,,137.508
170,145,3,3,2,1,1,1,"15:54","21/06/2022",1,49,1,999,,137.508
171,146,3,3,1,1,1,1,"08:09","21/06/2022",2,47,1,999,,16.8267534626039
171,146,3,3,1,1,1,4,"08:11","21/06/2022",1,33,7,999,,16.8267534626039
171,146,3,3,1,1,1,3,"08:10","21/06/2022",1,51,9,4,,16.8267534626039
171,146,3,3,1,1,1,2,"08:09","21/06/2022",1,27,3,999,,16.8267534626039
172,147,3,3,1,1,1,3,"16:05","17/06/2022",2,39,4,999,,8.8548862745098
172,147,3,3,1,1,1,2,"15:53","17/06/2022",1,47,4,999,,8.8548862745098
172,147,3,3,1,1,1,1,"15:48","17/06/2022",1,40,1,8,,8.8548862745098
172,147,3,3,1,1,1,4,"16:07","17/06/2022",2,34,2,8,,8.8548862745098
173,148,3,3,1,1,1,4,"18:20","16/06/2022",2,34,2,999,,7.74793
173,148,3,3,1,1,1,3,"18:16","16/06/2022",1,36,4,999,,7.74793
173,148,3,3,1,1,1,2,"18:15","16/06/2022",1,45,3,999,,7.74793
173,148,3,3,1,1,1,1,"18:15","16/06/2022",1,65,1,999,,7.74793
174,149,3,3,1,1,1,1,"14:39","23/06/2022",1,51,1,999,,11.7204483568075
175,150,3,3,1,1,8,3,"16:21","24/06/2022",2,28,2,999,,13.050107253886
175,150,3,3,1,1,8,4,"16:21","24/06/2022",2,36,4,999,,13.050107253886
175,150,3,3,1,1,8,1,"16:20","24/06/2022",1,36,1,999,,13.050107253886
175,150,3,3,1,1,8,2,"16:20","24/06/2022",1,30,3,999,,13.050107253886
176,151,3,4,1,1,1,2,"17:18","14/06/2022",1,50,5,999,,25.1660547945205
176,151,3,4,1,1,1,3,"17:19","14/06/2022",2,56,2,8,,25.1660547945205
176,151,3,4,1,1,1,1,"17:17","14/06/2022",1,63,1,999,,25.1660547945205
177,152,3,4,2,1,1,2,"16:21","13/06/2022",1,41,3,8,,113.6677875
177,152,3,4,2,1,1,1,"16:20","13/06/2022",1,48,1,999,,113.6677875
177,152,3,4,2,1,1,5,"16:24","13/06/2022",1,36,11,999,,113.6677875
177,152,3,4,2,1,1,4,"16:22","13/06/2022",2,42,2,999,,113.6677875
177,152,3,4,2,1,1,3,"16:22","13/06/2022",1,42,3,999,,113.6677875
178,153,3,4,1,1,1,1,"09:44","16/06/2022",1,32,1,999,,19.7935021276596
178,153,3,4,1,1,1,3,"09:47","16/06/2022",1,44,5,7,,19.7935021276596
178,153,3,4,1,1,1,5,"09:50","16/06/2022",1,33,9,999,,19.7935021276596
178,153,3,4,1,1,1,2,"09:45","16/06/2022",1,39,3,999,,19.7935021276596
178,153,3,4,1,1,1,4,"09:49","16/06/2022",1,30,11,999,,19.7935021276596
179,154,3,4,2,1,1,6,"10:05","13/06/2022",1,42,8,4,,91.1654625
179,154,3,4,2,1,1,2,"10:00","13/06/2022",1,41,3,999,,91.1654625
179,154,3,4,2,1,1,5,"10:04","13/06/2022",1,46,11,999,,91.1654625
179,154,3,4,2,1,1,4,"10:03","13/06/2022",1,35,4,999,,91.1654625
179,154,3,4,2,1,1,1,"09:59","13/06/2022",1,42,1,999,,91.1654625
179,154,3,4,2,1,1,3,"10:02","13/06/2022",1,48,9,999,,91.1654625
180,155,3,4,1,1,1,3,"11:07","14/06/2022",2,48,4,999,,24.0643146067416
180,155,3,4,1,1,1,1,"11:03","14/06/2022",2,57,1,999,,24.0643146067416
180,155,3,4,1,1,1,2,"11:04","14/06/2022",1,38,3,999,,24.0643146067416
181,156,3,4,2,1,1,2,"10:19","15/06/2022",1,28,4,999,,175.267767857143
181,156,3,4,2,1,1,3,"10:20","15/06/2022",2,39,2,999,,175.267767857143
181,156,3,4,2,1,1,4,"10:29","15/06/2022",1,34,5,999,,175.267767857143
181,156,3,4,2,1,1,1,"10:18","15/06/2022",1,38,1,999,,175.267767857143
181,156,3,4,2,1,1,5,"10:30","15/06/2022",1,43,3,6,,175.267767857143
182,157,3,5,2,1,4,3,"12:57","14/06/2022",2,45,2,999,,166.146574074074
182,157,3,5,2,1,4,2,"12:56","14/06/2022",1,40,7,999,,166.146574074074
182,157,3,5,2,1,4,1,"12:54","14/06/2022",1,66,1,999,,166.146574074074
182,157,3,5,2,1,4,4,"12:58","14/06/2022",2,45,11,999,,166.146574074074
183,158,3,5,2,1,6,1,"11:02","15/06/2022",1,45,1,999,,142.1882875
183,158,3,5,2,1,6,5,"11:05","15/06/2022",2,45,6,999,,142.1882875
183,158,3,5,2,1,6,3,"11:03","15/06/2022",2,38,4,999,,142.1882875
183,158,3,5,2,1,6,2,"11:03","15/06/2022",1,40,3,999,,142.1882875
183,158,3,5,2,1,6,4,"11:04","15/06/2022",2,40,11,999,,142.1882875
184,159,3,5,2,1,1,2,"10:57","13/06/2022",2,37,4,999,,132.641397129187
184,159,3,5,2,1,1,1,"10:57","13/06/2022",2,48,1,999,,132.641397129187
184,159,3,5,2,1,1,3,"10:58","13/06/2022",1,38,3,999,,132.641397129187
184,159,3,5,2,1,1,4,"11:00","13/06/2022",2,35,5,999,,132.641397129187
185,160,3,5,1,1,9,1,"11:19","16/06/2022",1,45,1,999,,6.94327538461538
185,160,3,5,1,1,9,4,"11:21","16/06/2022",2,40,2,999,,6.94327538461538
185,160,3,5,1,1,9,3,"11:20","16/06/2022",2,55,4,999,,6.94327538461538
185,160,3,5,1,1,9,2,"11:20","16/06/2022",1,58,3,999,,6.94327538461538
186,161,3,5,2,1,10,2,"10:59","17/06/2022",1,35,3,999,,71.7433459770115
186,161,3,5,2,1,10,3,"11:00","17/06/2022",2,50,2,999,,71.7433459770115
186,161,3,5,2,1,10,1,"10:58","17/06/2022",1,41,1,999,,71.7433459770115
186,161,3,5,2,1,10,4,"11:01","17/06/2022",1,32,11,999,,71.7433459770115
187,162,3,6,1,1,1,3,"14:24","13/06/2022",2,58,2,999,,18.0034357798165
187,162,3,6,1,1,1,2,"14:24","13/06/2022",1,41,3,999,,18.0034357798165
187,162,3,6,1,1,1,1,"14:23","13/06/2022",1,50,1,999,,18.0034357798165
187,162,3,6,1,1,1,4,"14:25","13/06/2022",1,28,7,999,,18.0034357798165
188,163,3,6,2,1,1,2,"13:54","14/06/2022",1,56,2,555,20,130.290494845361
188,163,3,6,2,1,1,1,"13:53","14/06/2022",1,45,3,7,,130.290494845361
188,163,3,6,2,1,1,3,"13:55","14/06/2022",1,62,1,999,,130.290494845361
189,164,3,6,1,1,1,1,"09:36","17/06/2022",1,46,1,9,,16.2242746478873
189,164,3,6,1,1,1,2,"09:37","17/06/2022",1,55,3,999,,16.2242746478873
190,165,3,6,2,1,1,2,"13:44","17/06/2022",1,48,4,555,9,118.891666666667
190,165,3,6,2,1,1,3,"13:44","17/06/2022",2,46,11,999,,118.891666666667
190,165,3,6,2,1,1,1,"13:43","17/06/2022",1,56,3,999,,118.891666666667
191,166,3,6,1,1,1,1,"10:24","18/06/2022",1,35,2,8,,14.223983490566
191,166,3,6,1,1,1,2,"10:25","18/06/2022",2,40,1,9,,14.223983490566
192,167,3,6,1,1,1,3,"11:53","15/06/2022",2,45,11,999,,27.7581730263158
192,167,3,6,1,1,1,2,"11:52","15/06/2022",1,41,3,8,,27.7581730263158
192,167,3,6,1,1,1,1,"11:51","15/06/2022",1,38,1,999,,27.7581730263158
193,168,3,6,2,1,1,3,"12:33","16/06/2022",1,35,3,999,,233.912705882353
193,168,3,6,2,1,1,1,"12:31","16/06/2022",1,36,1,999,,233.912705882353
193,168,3,6,2,1,1,2,"12:32","16/06/2022",2,51,11,999,,233.912705882353
194,169,3,6,2,1,1,2,"15:19","15/06/2022",1,53,11,999,,159.81208
194,169,3,6,2,1,1,4,"15:21","15/06/2022",1,63,555,999,18,159.81208
194,169,3,6,2,1,1,1,"15:18","15/06/2022",1,45,1,555,13,159.81208
194,169,3,6,2,1,1,3,"15:20","15/06/2022",1,46,555,4,17,159.81208
194,169,3,6,2,1,1,5,"15:21","15/06/2022",1,39,2,999,,159.81208
195,170,3,7,2,1,1,1,"18:24","22/06/2022",1,42,1,999,,79.1392834437086
195,170,3,7,2,1,1,2,"18:24","22/06/2022",1,39,3,999,,79.1392834437086
195,170,3,7,2,1,1,3,"18:25","22/06/2022",2,30,2,9,,79.1392834437086
196,171,3,7,2,1,1,4,"11:15","21/06/2022",2,34,4,999,,266.5758
196,171,3,7,2,1,1,2,"11:14","21/06/2022",1,55,555,999,16,266.5758
196,171,3,7,2,1,1,3,"11:14","21/06/2022",2,50,2,999,,266.5758
196,171,3,7,2,1,1,1,"11:13","21/06/2022",1,49,1,999,,266.5758
197,172,3,7,2,1,1,2,"11:03","22/06/2022",2,32,2,999,,159.770092307692
197,172,3,7,2,1,1,3,"11:04","22/06/2022",1,36,11,10,,159.770092307692
197,172,3,7,2,1,1,1,"11:03","22/06/2022",1,41,1,999,,159.770092307692
198,173,3,7,2,1,1,3,"11:07","20/06/2022",1,52,555,999,12,134.400469090909
198,173,3,7,2,1,1,1,"11:05","20/06/2022",1,50,1,555,7,134.400469090909
198,173,3,7,2,1,1,4,"11:08","20/06/2022",2,49,2,999,,134.400469090909
198,173,3,7,2,1,1,2,"11:06","20/06/2022",1,46,11,555,8,134.400469090909
199,174,4,1,2,1,1,3,"13:30","06/06/2022",2,49,4,999,,185.23665
199,174,4,1,2,1,1,1,"13:28","06/06/2022",1,34,1,999,,185.23665
199,174,4,1,2,1,1,4,"13:31","06/06/2022",2,50,2,999,,185.23665
199,174,4,1,2,1,1,5,"13:32","06/06/2022",1,33,555,999,4,185.23665
199,174,4,1,2,1,1,2,"13:29","06/06/2022",1,48,3,999,,185.23665
200,175,4,1,2,1,1,4,"13:58","07/06/2022",2,32,555,999,5,76.3218756302521
200,175,4,1,2,1,1,2,"13:53","07/06/2022",2,40,2,999,,76.3218756302521
200,175,4,1,2,1,1,1,"13:52","07/06/2022",1,68,1,999,,76.3218756302521
200,175,4,1,2,1,1,3,"13:54","07/06/2022",2,42,11,999,,76.3218756302521
201,176,4,1,2,1,1,1,"13:09","06/06/2022",1,32,1,999,,65.0943448275862
201,176,4,1,2,1,1,3,"13:11","06/06/2022",1,41,9,999,,65.0943448275862
201,176,4,1,2,1,1,4,"13:14","06/06/2022",2,20,7,999,,65.0943448275862
201,176,4,1,2,1,1,5,"13:14","06/06/2022",1,26,4,999,,65.0943448275862
201,176,4,1,2,1,1,2,"13:10","06/06/2022",2,33,11,999,,65.0943448275862
202,177,4,1,1,1,1,2,"15:25","07/06/2022",1,55,1,999,,9.64490152671756
202,177,4,1,1,1,1,1,"15:25","07/06/2022",1,29,3,999,,9.64490152671756
203,178,4,1,2,1,1,3,"15:01","07/06/2022",1,58,5,999,,116.712714285714
203,178,4,1,2,1,1,1,"14:59","07/06/2022",1,42,1,999,,116.712714285714
203,178,4,1,2,1,1,5,"15:02","07/06/2022",2,30,7,999,,116.712714285714
203,178,4,1,2,1,1,4,"15:02","07/06/2022",2,32,6,999,,116.712714285714
203,178,4,1,2,1,1,7,"15:05","07/06/2022",1,46,2,999,,116.712714285714
203,178,4,1,2,1,1,6,"15:04","07/06/2022",2,32,9,999,,116.712714285714
203,178,4,1,2,1,1,2,"15:00","07/06/2022",1,39,3,999,,116.712714285714
204,179,4,2,2,1,1,5,"16:43","20/06/2022",1,41,11,999,,88.2872234042553
204,179,4,2,2,1,1,2,"16:39","20/06/2022",1,47,3,999,,88.2872234042553
204,179,4,2,2,1,1,3,"16:40","20/06/2022",1,42,5,999,,88.2872234042553
204,179,4,2,2,1,1,4,"16:42","20/06/2022",2,31,4,999,,88.2872234042553
204,179,4,2,2,1,1,1,"16:38","20/06/2022",1,53,1,999,,88.2872234042553
205,180,4,2,2,1,1,1,"10:34","20/06/2022",1,54,1,999,,182.426832
205,180,4,2,2,1,1,2,"10:35","20/06/2022",1,44,3,999,,182.426832
205,180,4,2,2,1,1,4,"10:36","20/06/2022",2,35,2,999,,182.426832
205,180,4,2,2,1,1,6,"10:38","20/06/2022",1,30,7,999,,182.426832
205,180,4,2,2,1,1,3,"10:35","20/06/2022",1,53,4,999,,182.426832
205,180,4,2,2,1,1,5,"10:37","20/06/2022",1,39,11,999,,182.426832
206,181,4,2,2,1,1,2,"17:02","21/06/2022",1,31,3,999,,139.53121875
206,181,4,2,2,1,1,1,"17:00","21/06/2022",1,47,1,999,,139.53121875
206,181,4,2,2,1,1,4,"17:03","21/06/2022",2,25,2,999,,139.53121875
206,181,4,2,2,1,1,3,"17:03","21/06/2022",2,29,4,999,,139.53121875
206,181,4,2,2,1,1,5,"17:04","21/06/2022",1,52,9,999,,139.53121875
206,181,4,2,2,1,1,6,"17:06","21/06/2022",1,26,8,999,,139.53121875
207,182,4,2,2,1,1,4,"12:34","21/06/2022",2,30,2,999,,151.801378881988
207,182,4,2,2,1,1,3,"12:33","21/06/2022",1,65,5,999,,151.801378881988
207,182,4,2,2,1,1,2,"12:32","21/06/2022",1,37,3,999,,151.801378881988
207,182,4,2,2,1,1,1,"12:31","21/06/2022",1,37,1,999,,151.801378881988
207,182,4,2,2,1,1,6,"12:35","21/06/2022",1,25,7,999,,151.801378881988
207,182,4,2,2,1,1,5,"12:35","21/06/2022",2,27,4,999,,151.801378881988
208,183,4,2,1,1,1,2,"13:02","13/06/2022",1,35,3,7,,11.9892
208,183,4,2,1,1,1,3,"13:03","13/06/2022",1,32,5,999,,11.9892
208,183,4,2,1,1,1,5,"13:05","13/06/2022",2,49,11,8,,11.9892
208,183,4,2,1,1,1,1,"12:59","13/06/2022",1,47,1,999,,11.9892
208,183,4,2,1,1,1,4,"13:04","13/06/2022",2,38,4,999,,11.9892
208,183,4,2,1,1,1,7,"13:08","13/06/2022",1,79,8,999,,11.9892
208,183,4,2,1,1,1,6,"13:07","13/06/2022",1,30,7,999,,11.9892
209,184,4,3,1,1,1,2,"12:04","17/06/2022",1,41,1,555,18,6.75759981412639
209,184,4,3,1,1,1,4,"12:05","17/06/2022",1,59,555,999,18,6.75759981412639
209,184,4,3,1,1,1,1,"12:03","17/06/2022",2,36,4,999,,6.75759981412639
209,184,4,3,1,1,1,5,"12:06","17/06/2022",2,30,2,999,,6.75759981412639
209,184,4,3,1,1,1,3,"12:04","17/06/2022",1,37,3,999,,6.75759981412639
210,185,4,3,2,1,1,2,"14:50","14/06/2022",2,26,4,2,,52.2024086021505
210,185,4,3,2,1,1,4,"14:52","14/06/2022",2,34,555,999,11,52.2024086021505
210,185,4,3,2,1,1,3,"14:51","14/06/2022",2,39,2,999,,52.2024086021505
210,185,4,3,2,1,1,6,"14:54","14/06/2022",2,39,555,999,9,52.2024086021505
210,185,4,3,2,1,1,1,"14:49","14/06/2022",1,58,1,999,,52.2024086021505
210,185,4,3,2,1,1,5,"14:52","14/06/2022",1,35,3,999,,52.2024086021505
211,186,4,3,1,1,1,2,"13:30","22/06/2022",2,47,555,999,12,15.0635503571429
211,186,4,3,1,1,1,5,"13:32","22/06/2022",1,49,3,999,,15.0635503571429
211,186,4,3,1,1,1,4,"13:31","22/06/2022",1,39,5,999,,15.0635503571429
211,186,4,3,1,1,1,1,"13:29","22/06/2022",1,57,1,999,,15.0635503571429
211,186,4,3,1,1,1,3,"13:30","22/06/2022",2,32,4,999,,15.0635503571429
212,187,4,3,1,1,1,2,"09:04","22/06/2022",1,50,3,999,,6.1324285046729
212,187,4,3,1,1,1,1,"09:04","22/06/2022",2,42,1,999,,6.1324285046729
212,187,4,3,1,1,1,3,"09:05","22/06/2022",1,43,555,999,6,6.1324285046729
212,187,4,3,1,1,1,4,"09:06","22/06/2022",2,42,2,8,,6.1324285046729
213,188,4,3,2,1,1,3,"11:39","16/06/2022",1,35,2,999,,80.2201796407186
213,188,4,3,2,1,1,2,"11:39","16/06/2022",1,32,555,999,13,80.2201796407186
213,188,4,3,2,1,1,4,"11:40","16/06/2022",1,37,3,999,,80.2201796407186
213,188,4,3,2,1,1,1,"11:38","16/06/2022",1,43,1,999,,80.2201796407186
213,188,4,3,2,1,1,5,"11:41","16/06/2022",1,25,7,999,,80.2201796407186
214,189,4,3,1,1,1,4,"13:41","15/06/2022",2,40,555,999,1,12.1581888235294
214,189,4,3,1,1,1,3,"13:40","15/06/2022",1,41,3,999,,12.1581888235294
214,189,4,3,1,1,1,1,"13:37","15/06/2022",1,40,1,999,,12.1581888235294
214,189,4,3,1,1,1,2,"13:39","15/06/2022",1,53,2,999,,12.1581888235294
215,190,4,3,1,1,1,1,"15:24","16/06/2022",2,52,1,999,,5.1521799689441
215,190,4,3,1,1,1,3,"15:26","16/06/2022",2,40,6,999,,5.1521799689441
215,190,4,3,1,1,1,6,"15:28","16/06/2022",1,46,3,999,,5.1521799689441
215,190,4,3,1,1,1,2,"15:24","16/06/2022",1,31,555,999,7,5.1521799689441
215,190,4,3,1,1,1,5,"15:27","16/06/2022",2,31,2,999,,5.1521799689441
215,190,4,3,1,1,1,4,"15:26","16/06/2022",2,60,6,999,,5.1521799689441
216,191,4,3,1,1,1,3,"16:07","21/06/2022",2,50,11,999,,10.5304336363636
216,191,4,3,1,1,1,2,"16:05","21/06/2022",1,60,3,999,,10.5304336363636
216,191,4,3,1,1,1,1,"16:05","21/06/2022",1,56,1,999,,10.5304336363636
216,191,4,3,1,1,1,4,"16:07","21/06/2022",2,30,555,999,10,10.5304336363636
217,192,4,3,1,1,1,1,"16:57","17/06/2022",2,62,1,999,,5.16715702479339
217,192,4,3,1,1,1,5,"17:04","17/06/2022",2,50,2,999,,5.16715702479339
217,192,4,3,1,1,1,4,"17:01","17/06/2022",1,55,4,999,,5.16715702479339
217,192,4,3,1,1,1,3,"17:00","17/06/2022",1,57,555,999,8,5.16715702479339
217,192,4,3,1,1,1,2,"16:59","17/06/2022",1,55,3,999,,5.16715702479339
218,193,4,3,1,1,1,1,"10:30","22/06/2022",1,52,1,999,,12.095536
218,193,4,3,1,1,1,3,"10:32","22/06/2022",1,48,555,999,1,12.095536
218,193,4,3,1,1,1,2,"10:31","22/06/2022",1,73,11,999,,12.095536
219,194,4,3,2,1,1,3,"12:21","20/06/2022",2,35,4,999,,151.93865060241
219,194,4,3,2,1,1,1,"12:19","20/06/2022",1,34,555,999,1,151.93865060241
219,194,4,3,2,1,1,4,"12:22","20/06/2022",2,41,2,999,,151.93865060241
219,194,4,3,2,1,1,2,"12:20","20/06/2022",1,58,3,999,,151.93865060241
220,195,4,3,1,1,1,2,"09:53","19/06/2022",1,33,1,999,,7.68185333333333
220,195,4,3,1,1,1,1,"09:52","19/06/2022",1,41,3,555,16,7.68185333333333
220,195,4,3,1,1,1,3,"09:54","19/06/2022",2,45,4,999,,7.68185333333333
220,195,4,3,1,1,1,4,"09:56","19/06/2022",1,37,555,999,18,7.68185333333333
221,196,4,3,1,1,1,4,"15:30","15/06/2022",2,31,2,999,,15.9206272727273
221,196,4,3,1,1,1,5,"15:30","15/06/2022",2,26,4,999,,15.9206272727273
221,196,4,3,1,1,1,1,"15:28","15/06/2022",1,42,1,555,15,15.9206272727273
221,196,4,3,1,1,1,2,"15:28","15/06/2022",1,36,5,999,,15.9206272727273
221,196,4,3,1,1,1,3,"15:29","15/06/2022",1,49,3,999,,15.9206272727273
222,197,4,3,2,1,1,1,"10:39","21/06/2022",1,41,1,999,,102.326509433962
222,197,4,3,2,1,1,2,"10:40","21/06/2022",1,38,3,999,,102.326509433962
222,197,4,3,2,1,1,3,"10:43","21/06/2022",1,54,5,999,,102.326509433962
222,197,4,3,2,1,1,4,"10:43","21/06/2022",1,31,2,999,,102.326509433962
223,198,4,4,2,1,1,3,"11:12","13/06/2022",1,46,1,999,,325.358129032258
223,198,4,4,2,1,1,2,"11:11","13/06/2022",2,28,5,999,,325.358129032258
223,198,4,4,2,1,1,5,"11:21","13/06/2022",1,31,3,999,,325.358129032258
223,198,4,4,2,1,1,4,"11:13","13/06/2022",2,45,6,999,,325.358129032258
223,198,4,4,2,1,1,1,"11:10","13/06/2022",2,25,7,999,,325.358129032258
224,199,4,4,1,1,1,4,"18:05","13/06/2022",1,58,555,999,9,10.216724137931
224,199,4,4,1,1,1,1,"18:03","13/06/2022",1,33,1,999,,10.216724137931
224,199,4,4,1,1,1,2,"18:04","13/06/2022",2,43,4,999,,10.216724137931
224,199,4,4,1,1,1,5,"18:06","13/06/2022",1,37,555,999,9,10.216724137931
224,199,4,4,1,1,1,3,"18:04","13/06/2022",1,37,3,999,,10.216724137931
225,200,4,4,2,1,1,3,"12:13","14/06/2022",1,29,3,999,,90.7926956521739
225,200,4,4,2,1,1,4,"12:13","14/06/2022",2,22,4,999,,90.7926956521739
225,200,4,4,2,1,1,5,"12:14","14/06/2022",2,30,2,999,,90.7926956521739
225,200,4,4,2,1,1,1,"12:11","14/06/2022",1,30,555,999,5,90.7926956521739
225,200,4,4,2,1,1,2,"12:12","14/06/2022",1,40,1,999,,90.7926956521739
226,201,4,4,2,1,1,6,"07:44","23/06/2022",2,42,11,999,,129.102220588235
226,201,4,4,2,1,1,1,"07:39","23/06/2022",1,33,1,999,,129.102220588235
226,201,4,4,2,1,1,2,"07:40","23/06/2022",1,38,3,999,,129.102220588235
226,201,4,4,2,1,1,4,"07:42","23/06/2022",2,27,5,999,,129.102220588235
226,201,4,4,2,1,1,5,"07:43","23/06/2022",1,35,4,999,,129.102220588235
226,201,4,4,2,1,1,3,"07:41","23/06/2022",2,45,2,999,,129.102220588235
227,202,4,4,2,1,1,2,"11:14","22/06/2022",1,36,3,999,,81.5528605263158
227,202,4,4,2,1,1,4,"11:16","22/06/2022",1,52,5,999,,81.5528605263158
227,202,4,4,2,1,1,3,"11:15","22/06/2022",2,35,4,999,,81.5528605263158
227,202,4,4,2,1,1,1,"11:13","22/06/2022",1,41,1,999,,81.5528605263158
228,203,4,4,2,1,1,3,"12:39","23/06/2022",1,31,3,999,,119.497333333333
228,203,4,4,2,1,1,6,"12:42","23/06/2022",2,34,11,999,,119.497333333333
228,203,4,4,2,1,1,1,"12:38","23/06/2022",1,42,1,999,,119.497333333333
228,203,4,4,2,1,1,5,"12:41","23/06/2022",1,34,7,999,,119.497333333333
228,203,4,4,2,1,1,2,"12:39","23/06/2022",2,24,2,999,,119.497333333333
228,203,4,4,2,1,1,4,"12:40","23/06/2022",2,38,4,999,,119.497333333333
229,204,4,5,1,1,1,4,"14:48","14/06/2022",1,37,4,999,,8.65588105263158
229,204,4,5,1,1,1,2,"14:46","14/06/2022",1,28,3,999,,8.65588105263158
229,204,4,5,1,1,1,3,"14:47","14/06/2022",2,49,2,999,,8.65588105263158
229,204,4,5,1,1,1,1,"14:45","14/06/2022",2,36,1,999,,8.65588105263158
231,205,4,5,2,1,1,3,"12:04","18/06/2022",1,35,4,999,,73.3824504504504
231,205,4,5,2,1,1,4,"12:06","18/06/2022",1,49,11,999,,73.3824504504504
231,205,4,5,2,1,1,2,"12:04","18/06/2022",1,53,3,999,,73.3824504504504
231,205,4,5,2,1,1,1,"12:03","18/06/2022",1,45,1,2,,73.3824504504504
234,206,4,5,2,1,1,4,"16:36","17/06/2022",2,40,2,999,,76.9769217391304
234,206,4,5,2,1,1,1,"16:33","17/06/2022",1,34,1,999,,76.9769217391304
234,206,4,5,2,1,1,6,"16:38","17/06/2022",1,27,7,999,,76.9769217391304
234,206,4,5,2,1,1,3,"16:35","17/06/2022",2,34,4,999,,76.9769217391304
234,206,4,5,2,1,1,2,"16:34","17/06/2022",1,55,3,999,,76.9769217391304
234,206,4,5,2,1,1,5,"16:37","17/06/2022",2,54,11,999,,76.9769217391304
235,207,4,5,2,1,1,3,"15:11","15/06/2022",2,43,4,999,,190.598447368421
235,207,4,5,2,1,1,1,"15:06","15/06/2022",1,43,1,999,,190.598447368421
235,207,4,5,2,1,1,5,"15:14","15/06/2022",2,33,6,999,,190.598447368421
235,207,4,5,2,1,1,4,"15:12","15/06/2022",1,35,6,999,,190.598447368421
235,207,4,5,2,1,1,6,"15:15","15/06/2022",1,40,7,999,,190.598447368421
235,207,4,5,2,1,1,2,"15:10","15/06/2022",1,37,3,999,,190.598447368421
236,208,4,5,2,1,1,6,"11:40","17/06/2022",1,38,11,8,,93.4768661971831
236,208,4,5,2,1,1,5,"11:39","17/06/2022",1,36,6,999,,93.4768661971831
236,208,4,5,2,1,1,1,"11:07","17/06/2022",1,43,1,999,,93.4768661971831
236,208,4,5,2,1,1,2,"11:09","17/06/2022",1,45,3,999,,93.4768661971831
236,208,4,5,2,1,1,4,"11:38","17/06/2022",2,51,11,999,,93.4768661971831
236,208,4,5,2,1,1,3,"11:37","17/06/2022",1,40,4,999,,93.4768661971831
237,209,5,1,2,1,1,5,"10:27","07/06/2022",1,38,10,999,,75.9446417910448
237,209,5,1,2,1,1,7,"10:28","07/06/2022",2,35,9,999,,75.9446417910448
237,209,5,1,2,1,1,10,"10:31","07/06/2022",1,41,7,999,,75.9446417910448
237,209,5,1,2,1,1,8,"10:29","07/06/2022",2,42,11,999,,75.9446417910448
237,209,5,1,2,1,1,6,"10:27","07/06/2022",1,29,1,999,,75.9446417910448
237,209,5,1,2,1,1,9,"10:30","07/06/2022",1,34,9,999,,75.9446417910448
237,209,5,1,2,1,1,4,"10:26","07/06/2022",1,44,9,999,,75.9446417910448
237,209,5,1,2,1,1,2,"10:24","07/06/2022",1,60,5,999,,75.9446417910448
237,209,5,1,2,1,1,1,"10:23","07/06/2022",2,35,2,999,,75.9446417910448
237,209,5,1,2,1,1,3,"10:25","07/06/2022",1,52,4,999,,75.9446417910448
238,210,5,1,1,1,1,2,"12:58","06/06/2022",1,48,2,999,,20.0439647058824
238,210,5,1,1,1,1,1,"12:56","06/06/2022",1,32,3,999,,20.0439647058824
239,211,5,1,1,1,1,3,"15:13","07/06/2022",1,37,4,999,,4.94822621359223
239,211,5,1,1,1,1,2,"15:12","07/06/2022",2,48,11,999,,4.94822621359223
239,211,5,1,1,1,1,1,"15:11","07/06/2022",1,45,1,10,,4.94822621359223
240,212,5,1,1,1,1,2,"14:06","06/06/2022",1,42,10,555,5,14.4773126760563
240,212,5,1,1,1,1,3,"14:07","06/06/2022",1,53,2,999,,14.4773126760563
240,212,5,1,1,1,1,1,"14:04","06/06/2022",2,40,4,999,,14.4773126760563
241,213,5,1,2,1,1,6,"10:53","06/06/2022",1,46,9,1,,119.70275862069
241,213,5,1,2,1,1,1,"10:46","06/06/2022",1,40,11,1,,119.70275862069
241,213,5,1,2,1,1,7,"10:54","06/06/2022",2,42,5,1,,119.70275862069
241,213,5,1,2,1,1,3,"10:48","06/06/2022",1,30,8,1,,119.70275862069
241,213,5,1,2,1,1,4,"10:51","06/06/2022",2,57,3,1,,119.70275862069
241,213,5,1,2,1,1,2,"10:47","06/06/2022",2,33,2,1,,119.70275862069
241,213,5,1,2,1,1,5,"10:52","06/06/2022",2,62,6,1,,119.70275862069
241,213,5,1,2,1,1,8,"10:56","06/06/2022",2,35,1,2,,119.70275862069
242,214,5,1,2,1,1,1,"10:29","07/06/2022",1,40,1,999,,110.882382978723
242,214,5,1,2,1,1,2,"10:30","07/06/2022",1,25,3,999,,110.882382978723
242,214,5,1,2,1,1,3,"10:31","07/06/2022",1,27,7,999,,110.882382978723
243,215,5,2,2,1,1,4,"12:55","18/06/2022",1,40,3,7,,119.53393373494
243,215,5,2,2,1,1,5,"12:57","18/06/2022",1,29,9,3,,119.53393373494
243,215,5,2,2,1,1,2,"12:53","18/06/2022",1,40,11,2,,119.53393373494
243,215,5,2,2,1,1,3,"12:54","18/06/2022",2,53,5,6,,119.53393373494
243,215,5,2,2,1,1,1,"12:53","18/06/2022",2,41,2,8,,119.53393373494
244,216,5,2,2,1,1,4,"13:10","16/06/2022",1,36,1,8,,50.6682119205298
244,216,5,2,2,1,1,2,"13:08","16/06/2022",1,58,5,999,,50.6682119205298
244,216,5,2,2,1,1,1,"13:08","16/06/2022",1,36,3,7,,50.6682119205298
244,216,5,2,2,1,1,3,"13:10","16/06/2022",1,52,5,1,,50.6682119205298
245,217,5,2,1,1,1,3,"14:58","19/06/2022",1,47,4,999,,15.1000164383562
245,217,5,2,1,1,1,1,"14:56","19/06/2022",2,38,1,999,,15.1000164383562
245,217,5,2,1,1,1,4,"15:02","19/06/2022",2,40,9,999,,15.1000164383562
245,217,5,2,1,1,1,2,"14:57","19/06/2022",1,55,3,999,,15.1000164383562
245,217,5,2,1,1,1,5,"15:03","19/06/2022",1,37,5,999,,15.1000164383562
246,218,5,2,2,1,1,3,"13:55","15/06/2022",1,47,3,999,,235.364968421053
246,218,5,2,2,1,1,5,"13:57","15/06/2022",1,29,5,9,,235.364968421053
246,218,5,2,2,1,1,2,"13:55","15/06/2022",2,50,6,999,,235.364968421053
246,218,5,2,2,1,1,4,"13:56","15/06/2022",1,55,5,999,,235.364968421053
246,218,5,2,2,1,1,1,"13:54","15/06/2022",2,45,11,8,,235.364968421053
247,219,5,2,1,1,1,1,"11:00","14/06/2022",2,32,1,3,,5.48210979228487
247,219,5,2,1,1,1,4,"11:04","14/06/2022",1,58,5,2,,5.48210979228487
247,219,5,2,1,1,1,5,"11:04","14/06/2022",1,57,4,8,,5.48210979228487
247,219,5,2,1,1,1,3,"11:03","14/06/2022",2,48,5,3,,5.48210979228487
247,219,5,2,1,1,1,2,"11:01","14/06/2022",1,63,11,4,,5.48210979228487
248,220,5,2,2,1,1,3,"09:31","15/06/2022",2,40,4,3,,117.7655625
248,220,5,2,2,1,1,5,"09:33","15/06/2022",1,31,7,3,,117.7655625
248,220,5,2,2,1,1,1,"09:30","15/06/2022",1,29,1,999,,117.7655625
248,220,5,2,2,1,1,4,"09:32","15/06/2022",1,29,3,999,,117.7655625
248,220,5,2,2,1,1,2,"09:31","15/06/2022",2,52,2,999,,117.7655625
249,221,5,2,1,1,1,2,"16:56","18/06/2022",1,48,5,4,,8.0922816
249,221,5,2,1,1,1,3,"16:57","18/06/2022",1,53,5,6,,8.0922816
249,221,5,2,1,1,1,1,"16:55","18/06/2022",1,54,1,999,,8.0922816
250,222,5,2,2,1,1,1,"15:00","17/06/2022",1,47,1,999,,61.0949142857143
250,222,5,2,2,1,1,5,"15:05","17/06/2022",1,29,7,999,,61.0949142857143
250,222,5,2,2,1,1,2,"15:01","17/06/2022",2,28,2,999,,61.0949142857143
250,222,5,2,2,1,1,4,"15:03","17/06/2022",1,39,3,999,,61.0949142857143
250,222,5,2,2,1,1,3,"15:02","17/06/2022",1,58,4,999,,61.0949142857143
251,223,5,2,1,1,1,1,"11:03","17/06/2022",2,79,5,3,,8.45871833333333
251,223,5,2,1,1,1,2,"11:04","17/06/2022",2,49,9,1,,8.45871833333333
251,223,5,2,1,1,1,3,"11:05","17/06/2022",1,52,9,7,,8.45871833333333
251,223,5,2,1,1,1,4,"11:06","17/06/2022",2,50,2,1,,8.45871833333333
252,224,5,2,1,1,1,1,"12:02","13/06/2022",1,62,5,4,,8.83617364864865
252,224,5,2,1,1,1,4,"12:05","13/06/2022",1,52,4,999,,8.83617364864865
252,224,5,2,1,1,1,3,"12:04","13/06/2022",1,48,1,999,,8.83617364864865
252,224,5,2,1,1,1,7,"12:07","13/06/2022",2,37,5,999,,8.83617364864865
252,224,5,2,1,1,1,6,"12:06","13/06/2022",1,41,5,9,,8.83617364864865
252,224,5,2,1,1,1,2,"12:03","13/06/2022",2,36,9,3,,8.83617364864865
252,224,5,2,1,1,1,5,"12:06","13/06/2022",1,57,11,999,,8.83617364864865
255,225,5,3,2,1,1,2,"09:19","15/06/2022",1,55,11,555,9,5.61932387096774
255,225,5,3,2,1,1,1,"09:18","15/06/2022",1,59,1,999,,5.61932387096774
255,225,5,3,2,1,1,3,"09:21","15/06/2022",2,40,555,7,7,5.61932387096774
256,226,5,3,2,1,1,1,"14:40","15/06/2022",1,44,1,999,,6.850405
256,226,5,3,2,1,1,2,"14:42","15/06/2022",2,38,2,999,,6.850405
256,226,5,3,2,1,1,3,"14:44","15/06/2022",1,28,3,999,,6.850405
257,227,5,3,2,1,3,3,"17:15","15/06/2022",2,46,4,1,,10.336208
257,227,5,3,2,1,3,1,"17:12","15/06/2022",2,51,1,3,,10.336208
257,227,5,3,2,1,3,2,"17:12","15/06/2022",2,45,2,1,,10.336208
258,228,5,3,2,1,1,3,"08:48","17/06/2022",1,43,3,999,,137.657460869565
258,228,5,3,2,1,1,4,"08:51","17/06/2022",1,53,555,999,15,137.657460869565
258,228,5,3,2,1,1,5,"08:53","17/06/2022",1,36,555,999,6,137.657460869565
258,228,5,3,2,1,1,2,"08:47","17/06/2022",1,41,11,999,,137.657460869565
258,228,5,3,2,1,1,1,"08:46","17/06/2022",1,55,1,999,,137.657460869565
259,229,5,3,2,1,2,2,"13:13","16/06/2022",1,33,3,999,,8.26972446043165
259,229,5,3,2,1,2,3,"13:15","16/06/2022",1,40,555,4,11,8.26972446043165
259,229,5,3,2,1,2,1,"13:12","16/06/2022",1,36,1,999,,8.26972446043165
260,230,5,3,2,1,1,4,"09:49","16/06/2022",1,28,1,999,,5.48211779359431
260,230,5,3,2,1,1,1,"09:46","16/06/2022",2,38,2,999,,5.48211779359431
260,230,5,3,2,1,1,3,"09:48","16/06/2022",1,59,11,999,,5.48211779359431
260,230,5,3,2,1,1,2,"09:47","16/06/2022",1,32,3,999,,5.48211779359431
261,231,5,3,2,1,2,2,"18:37","18/06/2022",2,39,2,999,,1.95926893617021
261,231,5,3,2,1,2,3,"18:39","18/06/2022",2,32,4,999,,1.95926893617021
261,231,5,3,2,1,2,1,"18:36","18/06/2022",1,47,1,999,,1.95926893617021
262,232,5,3,2,1,1,1,"18:08","13/06/2022",1,51,1,999,,7.84644511904762
262,232,5,3,2,1,1,2,"18:10","13/06/2022",1,42,2,7,,7.84644511904762
262,232,5,3,2,1,1,3,"18:12","13/06/2022",2,37,4,999,,7.84644511904762
263,233,5,3,2,1,1,3,"12:39","13/06/2022",1,29,3,999,,13.49487
263,233,5,3,2,1,1,1,"12:37","13/06/2022",1,62,1,999,,13.49487
263,233,5,3,2,1,1,2,"12:38","13/06/2022",2,35,2,7,,13.49487
264,234,5,3,1,1,3,2,"14:31","17/06/2022",2,49,2,999,,12.3318692307692
264,234,5,3,1,1,3,1,"14:30","17/06/2022",1,38,3,999,,12.3318692307692
265,235,5,3,2,1,2,2,"10:54","17/06/2022",2,54,555,7,12,90.9270416666667
265,235,5,3,2,1,2,1,"10:52","17/06/2022",1,46,1,8,,90.9270416666667
266,236,5,3,2,1,1,2,"10:08","18/06/2022",1,53,3,999,,115.230054545455
266,236,5,3,2,1,1,1,"10:06","18/06/2022",1,35,1,8,,115.230054545455
267,237,5,3,1,1,1,3,"12:39","14/06/2022",1,54,2,999,,31.9791152777778
267,237,5,3,1,1,1,1,"12:32","14/06/2022",1,64,1,999,,31.9791152777778
267,237,5,3,1,1,1,2,"12:35","14/06/2022",2,28,4,999,,31.9791152777778
268,238,5,3,1,1,2,3,"14:51","14/06/2022",2,42,2,555,12,6.19307276595745
268,238,5,3,1,1,2,4,"14:53","14/06/2022",1,38,3,555,9,6.19307276595745
268,238,5,3,1,1,2,1,"14:45","14/06/2022",1,56,1,999,,6.19307276595745
268,238,5,3,1,1,2,2,"14:46","14/06/2022",1,56,555,7,20,6.19307276595745
269,239,5,3,2,1,1,2,"11:04","19/06/2022",2,38,4,999,,7.10105867403315
269,239,5,3,2,1,1,3,"11:05","19/06/2022",2,37,2,999,,7.10105867403315
269,239,5,3,2,1,1,4,"11:06","19/06/2022",1,39,555,999,5,7.10105867403315
269,239,5,3,2,1,1,1,"11:03","19/06/2022",1,45,1,999,,7.10105867403315
270,240,5,3,2,1,2,1,"14:52","20/06/2022",1,39,1,555,17,10.5218458333333
270,240,5,3,2,1,2,3,"14:58","20/06/2022",2,62,2,999,,10.5218458333333
270,240,5,3,2,1,2,2,"14:53","20/06/2022",1,51,555,2,17,10.5218458333333
271,241,5,3,2,1,1,3,"08:57","20/06/2022",1,54,3,999,,61.146402640264
271,241,5,3,2,1,1,2,"08:56","20/06/2022",1,52,4,999,,61.146402640264
271,241,5,3,2,1,1,1,"08:50","20/06/2022",1,46,1,999,,61.146402640264
280,242,5,4,2,1,1,4,"11:33","16/06/2022",2,24,2,999,,83.807
280,242,5,4,2,1,1,2,"11:26","16/06/2022",1,42,3,999,,83.807
280,242,5,4,2,1,1,3,"11:27","16/06/2022",1,47,2,999,,83.807
280,242,5,4,2,1,1,1,"11:25","16/06/2022",1,42,1,999,,83.807
281,243,5,4,1,1,1,2,"16:22","15/06/2022",1,39,3,999,,9.17697944785276
281,243,5,4,1,1,1,1,"16:20","15/06/2022",1,42,1,999,,9.17697944785276
281,243,5,4,1,1,1,3,"16:22","15/06/2022",1,64,2,999,,9.17697944785276
282,244,5,4,1,1,1,3,"09:34","14/06/2022",1,39,4,999,,9.30882887323944
282,244,5,4,1,1,1,1,"09:33","14/06/2022",1,39,1,999,,9.30882887323944
282,244,5,4,1,1,1,2,"09:33","14/06/2022",1,49,3,999,,9.30882887323944
283,245,5,4,1,1,1,1,"14:28","13/06/2022",1,28,3,999,,13.2456640127389
283,245,5,4,1,1,1,3,"14:30","13/06/2022",2,45,11,999,,13.2456640127389
283,245,5,4,1,1,1,4,"14:31","13/06/2022",1,42,4,999,,13.2456640127389
283,245,5,4,1,1,1,2,"14:29","13/06/2022",1,34,2,999,,13.2456640127389
284,246,5,4,2,1,1,2,"11:37","13/06/2022",1,29,3,999,,21.25921875
284,246,5,4,2,1,1,1,"11:36","13/06/2022",1,39,1,999,,21.25921875
284,246,5,4,2,1,1,3,"11:39","13/06/2022",1,45,4,999,,21.25921875
284,246,5,4,2,1,1,4,"11:43","13/06/2022",2,40,6,3,,21.25921875
285,247,5,4,2,1,1,2,"11:42","14/06/2022",2,42,2,999,,79.18262625
285,247,5,4,2,1,1,1,"11:42","14/06/2022",1,38,4,3,,79.18262625
285,247,5,4,2,1,1,3,"11:43","14/06/2022",2,54,11,999,,79.18262625
286,248,5,4,2,1,1,3,"11:06","15/06/2022",1,33,3,999,,133.014805369128
286,248,5,4,2,1,1,1,"11:03","15/06/2022",1,33,1,999,,133.014805369128
286,248,5,4,2,1,1,2,"11:05","15/06/2022",2,55,2,999,,133.014805369128
287,249,5,5,2,1,1,3,"18:22","20/06/2022",2,30,2,999,,121.134436090226
287,249,5,5,2,1,1,2,"18:21","20/06/2022",1,39,3,999,,121.134436090226
287,249,5,5,2,1,1,4,"18:22","20/06/2022",1,39,4,999,,121.134436090226
287,249,5,5,2,1,1,1,"18:20","20/06/2022",1,43,1,999,,121.134436090226
288,250,5,5,1,1,1,3,"07:58","22/06/2022",1,38,3,999,,9.34212658227848
288,250,5,5,1,1,1,2,"07:57","22/06/2022",1,49,2,999,,9.34212658227848
288,250,5,5,1,1,1,1,"07:56","22/06/2022",1,59,1,999,,9.34212658227848
289,251,5,5,2,1,1,2,"11:57","22/06/2022",1,62,11,999,,160.181593984962
289,251,5,5,2,1,1,3,"11:58","22/06/2022",2,39,2,999,,160.181593984962
289,251,5,5,2,1,1,1,"11:54","22/06/2022",1,40,1,999,,160.181593984962
290,252,5,5,2,1,1,4,"10:32","21/06/2022",2,40,4,999,,6.41137191489362
290,252,5,5,2,1,1,1,"10:30","21/06/2022",1,47,1,999,,6.41137191489362
290,252,5,5,2,1,1,3,"10:31","21/06/2022",2,46,2,999,,6.41137191489362
290,252,5,5,2,1,1,2,"10:30","21/06/2022",1,37,3,999,,6.41137191489362
291,253,5,5,2,1,1,1,"13:32","16/06/2022",2,56,6,7,,5.14883130434783
291,253,5,5,2,1,1,4,"13:36","16/06/2022",1,48,555,7,14,5.14883130434783
291,253,5,5,2,1,1,5,"13:37","16/06/2022",1,48,1,7,,5.14883130434783
291,253,5,5,2,1,1,2,"13:33","16/06/2022",1,65,555,7,12,5.14883130434783
291,253,5,5,2,1,1,3,"13:35","16/06/2022",1,60,4,7,,5.14883130434783
292,254,5,5,2,1,1,3,"16:56","16/06/2022",1,53,1,7,,4.10791541284404
292,254,5,5,2,1,1,1,"16:55","16/06/2022",1,43,555,7,11,4.10791541284404
292,254,5,5,2,1,1,4,"16:57","16/06/2022",2,50,4,7,,4.10791541284404
292,254,5,5,2,1,1,2,"16:55","16/06/2022",2,31,2,7,,4.10791541284404
293,255,5,5,2,1,1,1,"13:16","18/06/2022",1,33,3,7,,6.88020618556701
293,255,5,5,2,1,1,4,"13:20","18/06/2022",2,29,6,7,,6.88020618556701
293,255,5,5,2,1,1,3,"13:19","18/06/2022",2,39,4,7,,6.88020618556701
293,255,5,5,2,1,1,2,"13:18","18/06/2022",1,34,9,7,,6.88020618556701
294,256,5,5,2,1,1,5,"10:19","15/06/2022",1,31,3,7,,195.606
294,256,5,5,2,1,1,4,"10:18","15/06/2022",2,55,1,7,,195.606
294,256,5,5,2,1,1,1,"10:15","15/06/2022",1,46,10,7,,195.606
294,256,5,5,2,1,1,2,"10:16","15/06/2022",2,43,2,7,,195.606
294,256,5,5,2,1,1,3,"10:17","15/06/2022",2,47,11,7,,195.606
295,257,5,5,2,1,1,3,"12:56","13/06/2022",1,43,3,7,,5.47658758928572
295,257,5,5,2,1,1,4,"12:57","13/06/2022",2,56,4,7,,5.47658758928572
295,257,5,5,2,1,1,1,"12:54","13/06/2022",2,47,1,7,,5.47658758928572
295,257,5,5,2,1,1,5,"12:59","13/06/2022",2,44,6,7,,5.47658758928572
295,257,5,5,2,1,1,2,"12:55","13/06/2022",1,73,11,7,,5.47658758928572
296,258,5,5,2,1,1,5,"09:59","14/06/2022",2,50,2,7,,7.95912688172043
296,258,5,5,2,1,1,1,"09:53","14/06/2022",1,46,3,7,,7.95912688172043
296,258,5,5,2,1,1,2,"09:54","14/06/2022",1,42,1,7,,7.95912688172043
296,258,5,5,2,1,1,6,"10:00","14/06/2022",2,30,555,7,3,7.95912688172043
296,258,5,5,2,1,1,3,"09:57","14/06/2022",1,67,555,7,7,7.95912688172043
296,258,5,5,2,1,1,7,"10:01","14/06/2022",2,38,11,7,,7.95912688172043
296,258,5,5,2,1,1,4,"09:58","14/06/2022",2,38,4,7,,7.95912688172043
297,259,5,5,2,1,1,1,"17:49","14/06/2022",1,40,1,7,,2.34540276243094
297,259,5,5,2,1,1,2,"17:50","14/06/2022",1,58,555,7,8,2.34540276243094
297,259,5,5,2,1,1,3,"17:52","14/06/2022",1,34,555,7,8,2.34540276243094
298,260,5,5,2,1,1,1,"09:33","17/06/2022",2,45,2,7,,421.347619047619
298,260,5,5,2,1,1,2,"09:34","17/06/2022",2,36,11,7,,421.347619047619
298,260,5,5,2,1,1,5,"09:38","17/06/2022",2,60,1,7,,421.347619047619
298,260,5,5,2,1,1,6,"09:39","17/06/2022",1,35,3,7,,421.347619047619
298,260,5,5,2,1,1,4,"09:37","17/06/2022",2,54,4,7,,421.347619047619
298,260,5,5,2,1,1,3,"09:36","17/06/2022",1,36,11,9,,421.347619047619
308,261,5,6,2,1,1,3,"14:49","17/06/2022",1,39,3,999,,65.4211258741259
308,261,5,6,2,1,1,1,"14:46","17/06/2022",1,33,1,999,,65.4211258741259
308,261,5,6,2,1,1,4,"14:50","17/06/2022",1,34,2,999,,65.4211258741259
308,261,5,6,2,1,1,2,"14:49","17/06/2022",1,32,4,999,,65.4211258741259
309,262,5,6,1,1,1,2,"11:03","17/06/2022",1,48,3,999,,11.2610976744186
309,262,5,6,1,1,1,4,"11:06","17/06/2022",2,29,6,999,,11.2610976744186
309,262,5,6,1,1,1,3,"11:03","17/06/2022",2,47,2,999,,11.2610976744186
309,262,5,6,1,1,1,1,"10:56","17/06/2022",1,49,1,999,,11.2610976744186
310,263,5,6,2,1,1,2,"13:32","20/06/2022",1,52,4,999,,265.9455
310,263,5,6,2,1,1,4,"13:35","20/06/2022",1,32,3,999,,265.9455
310,263,5,6,2,1,1,1,"13:31","20/06/2022",1,39,1,999,,265.9455
310,263,5,6,2,1,1,3,"13:34","20/06/2022",1,30,2,999,,265.9455
311,264,5,6,2,1,1,2,"14:17","18/06/2022",1,48,3,999,,110.668164383562
311,264,5,6,2,1,1,1,"14:17","18/06/2022",1,35,1,999,,110.668164383562
311,264,5,6,2,1,1,4,"14:19","18/06/2022",1,48,4,999,,110.668164383562
311,264,5,6,2,1,1,3,"14:18","18/06/2022",2,47,2,999,,110.668164383562
312,265,5,6,2,1,1,3,"10:30","18/06/2022",2,54,4,999,,188.315441860465
312,265,5,6,2,1,1,1,"10:29","18/06/2022",2,52,1,999,,188.315441860465
312,265,5,6,2,1,1,4,"10:31","18/06/2022",1,46,3,999,,188.315441860465
312,265,5,6,2,1,1,2,"10:30","18/06/2022",2,46,2,999,,188.315441860465
312,265,5,6,2,1,1,5,"10:32","18/06/2022",2,44,11,999,,188.315441860465
313,266,5,7,1,1,1,1,"15:28","06/06/2022",1,53,1,555,3,16.9766382352941
313,266,5,7,1,1,1,5,"15:29","06/06/2022",2,62,11,999,,16.9766382352941
313,266,5,7,1,1,1,3,"15:28","06/06/2022",1,21,7,999,,16.9766382352941
313,266,5,7,1,1,1,8,"15:29","06/06/2022",1,51,5,999,,16.9766382352941
313,266,5,7,1,1,1,6,"15:29","06/06/2022",1,40,2,999,,16.9766382352941
313,266,5,7,1,1,1,2,"11:13","06/06/2022",1,43,3,999,,16.9766382352941
313,266,5,7,1,1,1,7,"15:29","06/06/2022",2,41,6,8,,16.9766382352941
313,266,5,7,1,1,1,4,"15:29","06/06/2022",2,37,4,999,,16.9766382352941
314,267,5,7,2,1,1,3,"11:29","06/06/2022",1,36,3,7,,121.421042553191
314,267,5,7,2,1,1,4,"11:31","06/06/2022",2,42,4,7,,121.421042553191
314,267,5,7,2,1,1,2,"11:28","06/06/2022",1,35,1,7,,121.421042553191
314,267,5,7,2,1,1,1,"11:27","06/06/2022",1,42,11,555,9,121.421042553191
314,267,5,7,2,1,1,5,"11:33","06/06/2022",1,44,4,7,,121.421042553191
315,268,5,7,2,1,1,3,"12:02","07/06/2022",1,51,1,7,,161.408918918919
315,268,5,7,2,1,1,2,"12:01","07/06/2022",1,38,4,7,,161.408918918919
315,268,5,7,2,1,1,1,"11:59","07/06/2022",1,38,11,7,,161.408918918919
316,269,5,7,2,1,1,2,"11:02","07/06/2022",2,37,5,3,,140.077125
316,269,5,7,2,1,1,5,"12:17","07/06/2022",2,45,2,999,,140.077125
316,269,5,7,2,1,1,4,"12:17","07/06/2022",2,44,11,6,,140.077125
316,269,5,7,2,1,1,3,"11:03","07/06/2022",1,51,9,1,,140.077125
316,269,5,7,2,1,1,1,"11:02","07/06/2022",1,32,1,999,,140.077125
317,270,5,7,1,1,1,3,"09:01","07/06/2022",1,66,555,3,11,10.6805162650602
317,270,5,7,1,1,1,1,"08:57","07/06/2022",1,55,1,999,,10.6805162650602
317,270,5,7,1,1,1,6,"09:04","07/06/2022",2,37,4,999,,10.6805162650602
317,270,5,7,1,1,1,5,"09:04","07/06/2022",1,83,555,3,6,10.6805162650602
317,270,5,7,1,1,1,2,"09:00","07/06/2022",1,56,555,3,9,10.6805162650602
317,270,5,7,1,1,1,4,"09:03","07/06/2022",2,60,555,7,12,10.6805162650602
317,270,5,7,1,1,1,9,"09:13","07/06/2022",2,54,11,999,,10.6805162650602
317,270,5,7,1,1,1,8,"09:12","07/06/2022",2,34,6,999,,10.6805162650602
317,270,5,7,1,1,1,7,"09:05","07/06/2022",2,71,555,3,9,10.6805162650602
318,271,5,7,1,1,1,3,"13:09","06/06/2022",2,61,2,999,,14.9964432926829
318,271,5,7,1,1,1,4,"13:11","06/06/2022",1,43,9,999,,14.9964432926829
318,271,5,7,1,1,1,1,"13:07","06/06/2022",1,54,3,999,,14.9964432926829
318,271,5,7,1,1,1,2,"13:08","06/06/2022",1,60,11,999,,14.9964432926829
319,272,5,7,2,1,1,5,"12:32","06/06/2022",2,37,5,999,,156.04722972973
319,272,5,7,2,1,1,7,"12:37","06/06/2022",1,45,9,1,,156.04722972973
319,272,5,7,2,1,1,3,"12:31","06/06/2022",2,32,6,999,,156.04722972973
319,272,5,7,2,1,1,6,"12:33","06/06/2022",2,39,7,6,,156.04722972973
319,272,5,7,2,1,1,1,"12:29","06/06/2022",1,38,1,3,,156.04722972973
319,272,5,7,2,1,1,2,"12:30","06/06/2022",1,45,4,999,,156.04722972973
319,272,5,7,2,1,1,4,"12:32","06/06/2022",2,32,11,999,,156.04722972973
