"Cluster","ED_ID","CI01","CI02","CI06","CI07","CI08","QE_C06A","QE_C06B","QE_C07","QE_C08","QE_C09","QE_C09A","Basicweight"
2,1,1,1,2,2,1,1,2,2022,350000,1,1,33.29115
4,3,1,1,1,2,9,1,2,2021,350000,5,1,32.3729260273973
5,4,1,1,1,2,1,1,2,2021,888,3,1,10.1755732217573
7,5,1,1,1,2,3,1,2,2014,300000,4,1,22.7114407894737
9,7,1,1,1,2,1,1,1,2022,0,4,1,19.4070469002695
11,9,1,1,1,2,1,1,1,2015,0,3,1,24.2731346260388
12,10,1,2,2,2,1,1,1,2020,0,1,1,30.805986784141
13,11,1,2,2,2,1,1,2,2022,888,5,1,13.4902167539267
14,12,1,2,1,2,1,1,2,2010,350000,5,1,27.6634577777778
17,15,1,2,1,2,1,1,2,2017,250000,3,1,3.57904556634304
18,16,1,2,2,2,1,1,2,2021,300000,2,1,41.0282164502164
19,17,1,2,1,2,1,1,2,2011,250000,2,1,19.94468875
20,18,1,2,2,2,1,1,2,2022,0,2,1,39.7495568493151
22,20,1,2,1,2,1,1,1,2018,0,1,1,9.87333272727273
23,21,1,2,1,2,1,1,1,2020,0,2,1,15.03859
24,22,1,2,1,2,1,1,2,2008,300000,7,1,21.1205211428571
25,23,1,2,1,2,1,1,1,2021,0,2,1,16.7416508571429
26,24,1,2,1,2,1,1,1,2021,0,2,1,15.1199458740018
27,25,1,2,1,2,1,1,2,2008,300000,7,1,4.12082943262411
28,26,1,2,1,2,3,1,1,2016,0,4,1,11.2538897515528
29,27,1,2,1,2,1,1,2,2021,350000,2,1,65.775825
30,28,1,2,2,2,1,1,2,2021,0,3,1,27.3053669724771
32,30,1,2,1,2,1,1,1,2016,0,3,1,4.23082260869565
33,31,1,2,1,2,1,1,2,2021,350000,3,1,21.1555548
34,32,1,2,2,2,1,1,1,2021,0,2,1,48.7433
35,33,1,3,1,2,1,1,2,2016,250000,1,1,39.1813092105263
36,34,1,3,2,2,1,1,1,2019,0,4,1,33.7477419354839
38,36,1,3,1,2,1,1,2,2022,0,2,1,12.3686712765957
40,38,1,3,1,2,1,1,1,2021,0,1,1,46.9627568421053
41,39,1,3,1,2,1,1,1,2020,0,6,1,43.053996
42,40,1,3,1,2,1,1,2,2013,300000,3,1,23.9960368421053
45,42,1,3,1,2,1,1,2,2020,888,2,1,17.1043262068966
46,43,1,3,2,2,3,1,1,2022,0,2,1,34.238744813278
48,45,1,3,1,2,1,1,2,2005,250000,4,1,24.1846151162791
50,47,2,1,1,2,1,1,2,2021,300000,2,1,20.2034487562189
51,48,2,1,1,2,1,1,2,1995,0,4,1,8.52196355140187
52,49,2,1,2,2,1,1,2,2022,0,2,1,90.9873333333333
53,50,2,1,2,2,1,1,2,2017,0,4,1,152.80155
54,51,2,1,2,2,1,1,2,2021,888,1,1,45.2318409090909
55,52,2,1,2,2,1,1,2,2022,0,2,1,207.560347826087
68,53,2,2,2,2,10,1,2,2020,300000,1,1,138.488
71,54,2,2,2,2,10,1,1,2022,0,1,1,111.031052054795
79,55,2,3,1,2,1,1,2,2021,250000,2,1,13.34441
80,56,2,3,2,2,1,1,2,2003,150000,4,1,104.835668449198
81,57,2,3,2,2,2,1,2,2014,0,4,1,112.872822222222
82,58,2,3,2,2,2,1,2,2022,0,2,1,198.80024
84,59,2,4,2,2,1,1,2,2021,300000,2,1,72.2506289308176
86,60,2,4,1,2,1,1,2,2006,300000,3,1,18.0087829787234
86,61,2,4,1,2,2,1,2,2010,0,2,1,18.0087829787234
87,62,2,4,2,2,1,1,2,2021,200000,2,1,102.260069686411
88,63,2,4,1,2,1,1,2,2021,200000,6,1,12.1381444776119
89,64,2,4,1,2,1,1,2,2021,200000,2,1,15.4509974137931
90,65,2,5,2,2,1,1,2,2021,200000,2,1,124.678725925926
91,66,2,5,2,2,1,1,2,2021,250000,2,1,5.83359555555556
91,66,2,5,2,2,1,2,1,2021,0,2,0,5.83359555555556
99,67,2,5,2,2,1,1,2,2020,0,1,1,134.667481889764
100,68,2,5,2,2,1,1,1,2014,0,1,1,179.081928947368
114,69,2,6,2,2,1,1,2,2021,250000,2,1,109.48854
115,70,2,6,1,2,1,1,1,2021,0,2,1,6.9631550877193
116,71,2,6,2,2,2,1,2,2021,0,2,1,138.22532038835
117,72,2,6,2,2,1,1,2,2021,0,2,1,121.078246153846
118,73,2,6,2,2,1,1,2,2022,180000,3,1,164.318615384615
119,74,2,6,1,2,2,1,2,2014,180000,5,1,26.6755114503817
120,75,2,7,1,2,1,1,2,2021,300000,2,1,10.14123
121,76,2,7,2,2,1,1,2,2021,200000,2,1,90.2549166666667
122,77,2,7,2,2,1,1,2,2021,0,4,1,53.5930577507599
123,78,2,7,1,2,2,1,2,2012,250000,5,1,6.04231948051948
124,79,2,7,1,2,1,1,2,2021,0,2,1,7.471653
125,80,2,7,2,2,1,1,2,2022,250000,2,1,100.539116883117
126,81,2,7,1,2,1,1,2,2021,300000,2,1,16.0080777777778
127,82,2,8,2,2,2,1,2,2018,888,3,1,60.01412
128,83,2,8,1,2,1,1,2,2021,0,2,1,4.83481479713604
129,84,2,8,2,2,2,1,2,2019,300000,5,1,72.9900818181818
130,85,2,8,1,2,1,1,2,2021,300000,2,1,9.81552
131,86,2,8,2,2,1,1,1,2009,0,2,1,82.8797946428571
132,87,2,8,2,2,1,1,2,2021,250000,2,1,95.6783076923077
134,88,2,8,1,2,1,1,2,2021,250000,4,1,5.43553831877729
137,89,3,1,1,2,1,1,2,2020,0,2,1,23.9924330935252
143,90,3,1,2,2,1,1,2,2021,0,2,1,129.616023809524
145,91,3,1,2,2,1,1,2,2022,0,2,1,143.114677419355
146,92,3,1,1,2,1,1,2,2021,0,3,1,19.6108301886792
149,93,3,1,2,2,4,1,1,2022,0,2,1,7.28915877551021
150,94,3,1,2,2,2,1,1,2021,0,2,1,84.5583622641509
159,95,3,2,2,2,3,1,2,2019,0,4,1,112.320421052632
160,96,3,2,2,2,1,1,2,2021,0,2,1,147.572481927711
162,97,3,3,2,2,5,1,2,2022,0,2,1,184.221032258065
163,98,3,3,1,2,3,1,1,2012,0,5,1,17.2384463414634
164,99,3,3,1,2,1,1,2,2000,350000,5,1,27.1421528455285
165,100,3,3,1,2,1,1,1,2021,0,2,1,30.559265408805
167,101,3,3,2,2,1,1,2,2022,300000,2,1,121.961137254902
168,102,3,3,1,2,1,1,2,2017,300000,2,1,7.21586578366446
169,103,3,3,1,2,1,1,2,2022,0,2,1,22.0445028571429
171,104,3,3,1,2,1,1,1,2012,0,4,1,16.8267534626039
174,106,3,3,1,2,1,1,2,2017,250000,3,1,11.7204483568075
175,107,3,3,1,2,7,1,1,2021,0,2,1,13.050107253886
177,108,3,4,2,2,1,1,2,2009,150000,3,1,113.6677875
179,109,3,4,2,2,1,1,1,2022,0,2,1,91.1654625
180,110,3,4,1,2,1,1,2,2022,300000,2,1,24.0643146067416
181,111,3,4,2,2,1,1,2,2022,250000,2,1,175.267767857143
182,112,3,5,2,2,3,1,1,2014,0,2,1,166.146574074074
183,113,3,5,2,2,5,1,1,2021,0,3,1,142.1882875
184,114,3,5,2,2,2,1,1,2021,0,5,1,132.641397129187
185,115,3,5,1,2,8,1,1,2007,0,2,1,6.94327538461538
186,116,3,5,2,2,1,1,2,2021,0,4,1,71.7433459770115
187,117,3,6,1,2,1,1,2,2018,250000,4,1,18.0034357798165
188,118,3,6,2,2,1,1,2,2022,0,2,1,130.290494845361
189,119,3,6,1,2,1,1,2,2021,200000,1,1,16.2242746478873
190,120,3,6,2,2,1,1,1,2022,0,2,1,118.891666666667
192,121,3,6,1,2,1,1,2,2017,300000,3,1,27.7581730263158
194,122,3,6,2,2,1,1,2,2015,250000,3,1,159.81208
195,123,3,7,2,2,1,1,2,2021,300000,2,1,79.1392834437086
196,124,3,7,2,2,1,1,2,2022,0,2,1,266.5758
197,125,3,7,2,2,1,1,1,2022,0,2,1,159.770092307692
198,126,3,7,2,2,1,1,1,2022,0,2,1,134.400469090909
199,127,4,1,2,2,1,1,2,2022,300000,2,1,185.23665
200,128,4,1,2,2,2,1,2,2022,250000,2,1,76.3218756302521
202,129,4,1,1,2,1,1,2,2003,350000,5,1,9.64490152671756
203,130,4,1,2,2,2,1,2,2010,350000,3,1,116.712714285714
204,131,4,2,2,2,1,1,2,2022,350000,3,1,88.2872234042553
205,132,4,2,2,2,1,1,2,2021,888,2,1,182.426832
206,133,4,2,2,2,1,1,2,2018,250000,2,1,139.53121875
207,134,4,2,2,2,1,1,1,2022,0,2,1,151.801378881988
208,135,4,2,1,2,1,1,2,2020,200000,2,1,11.9892
208,135,4,2,1,2,1,2,1,2020,0,2,0,11.9892
210,136,4,3,2,2,1,1,2,2022,0,2,1,52.2024086021505
214,137,4,3,1,2,1,1,1,2022,0,2,1,12.1581888235294
215,138,4,3,1,2,1,1,2,2021,250000,2,1,5.1521799689441
216,139,4,3,1,2,1,1,2,2012,450000,2,1,10.5304336363636
219,140,4,3,2,2,1,1,2,2021,0,1,1,151.93865060241
220,141,4,3,1,2,1,1,2,2022,350000,3,1,7.68185333333333
220,142,4,3,1,2,2,1,2,2019,300000,3,1,7.68185333333333
221,143,4,3,1,2,1,1,2,2022,350000,5,1,15.9206272727273
223,144,4,4,2,2,1,1,1,2022,0,2,1,325.358129032258
224,145,4,4,1,2,2,1,2,2021,0,3,1,10.216724137931
225,146,4,4,2,2,1,1,2,2022,350000,2,1,90.7926956521739
226,147,4,4,2,2,1,1,2,2022,888,3,1,129.102220588235
227,148,4,4,2,2,1,1,2,2018,200000,4,1,81.5528605263158
228,149,4,4,2,2,1,1,2,2022,250000,2,1,119.497333333333
229,150,4,5,1,2,1,1,2,2016,250000,3,1,8.65588105263158
229,151,4,5,1,2,2,1,2,2022,0,2,1,8.65588105263158
231,152,4,5,2,2,1,2,1,2021,0,1,0,73.3824504504504
231,152,4,5,2,2,1,1,2,2021,888,2,1,73.3824504504504
232,154,4,5,1,2,10,1,2,2020,300000,2,1,17.4207321917808
234,155,4,5,2,2,1,1,2,2021,888,2,1,76.9769217391304
235,156,4,5,2,2,1,1,2,1987,300000,5,1,190.598447368421
237,157,5,1,2,2,1,1,2,2020,300000,2,1,75.9446417910448
238,158,5,1,1,2,1,1,2,2021,250000,1,1,20.0439647058824
239,159,5,1,1,2,1,1,2,2021,250000,3,1,4.94822621359223
240,160,5,1,1,2,1,1,2,2015,300000,3,1,14.4773126760563
241,161,5,1,2,2,1,1,1,2021,0,2,1,119.70275862069
242,162,5,1,2,2,1,1,2,2021,250000,2,1,110.882382978723
243,163,5,2,2,2,1,1,2,2015,300000,4,1,119.53393373494
244,164,5,2,2,2,1,1,2,2017,300000,4,1,50.6682119205298
245,165,5,2,1,2,1,1,2,2015,250000,3,1,15.1000164383562
246,166,5,2,2,2,1,1,2,2021,250000,4,1,235.364968421053
247,167,5,2,1,2,1,1,2,1999,350000,5,1,5.48210979228487
250,168,5,2,2,2,1,1,2,2021,150000,4,1,61.0949142857143
251,169,5,2,1,2,1,1,1,2018,0,3,1,8.45871833333333
258,171,5,3,2,2,1,1,2,2018,300000,6,1,137.657460869565
264,172,5,3,1,2,3,1,1,2020,0,3,1,12.3318692307692
265,173,5,3,2,2,2,1,2,2022,300000,4,1,90.9270416666667
266,174,5,3,2,2,1,1,2,2017,250000,4,1,115.230054545455
267,175,5,3,1,2,1,1,1,2022,0,2,1,31.9791152777778
271,176,5,3,2,2,1,1,2,2020,0,1,1,61.146402640264
280,177,5,4,2,2,1,1,2,2021,350000,1,1,83.807
281,178,5,4,1,2,1,1,2,2019,176000,3,1,9.17697944785276
282,179,5,4,1,2,1,1,2,2018,888,1,1,9.30882887323944
283,180,5,4,1,2,2,1,2,2014,300000,1,1,13.2456640127389
285,181,5,4,2,2,2,1,2,2021,250000,2,1,79.18262625
286,182,5,4,2,2,1,1,2,2014,250000,3,1,133.014805369128
287,183,5,5,2,2,1,1,2,2021,350000,4,1,121.134436090226
289,185,5,5,2,2,1,1,2,2021,300000,2,1,160.181593984962
294,186,5,5,2,2,1,1,2,2015,350000,3,1,195.606
298,187,5,5,2,2,1,1,2,2015,300000,1,1,421.347619047619
308,188,5,6,2,2,1,1,2,2021,300000,1,1,65.4211258741259
308,188,5,6,2,2,1,2,1,2010,0,1,0,65.4211258741259
309,189,5,6,1,2,1,1,2,2018,350000,3,1,11.2610976744186
310,190,5,6,2,2,1,1,2,2021,350000,2,1,265.9455
311,191,5,6,2,2,1,1,2,2021,300000,2,1,110.668164383562
312,192,5,6,2,2,1,1,2,2021,0,2,1,188.315441860465
313,193,5,7,1,2,1,1,2,2010,0,4,1,16.9766382352941
314,194,5,7,2,2,1,1,2,2021,0,2,1,121.421042553191
315,195,5,7,2,2,1,1,2,2021,300000,3,1,161.408918918919
319,196,5,7,2,2,1,1,2,2016,0,4,1,156.04722972973
