"Cluster","CO_ID","CI01","CI02","CI06","CI07","CI08","CO_C01","CO_C02","CO_C02_OTHER","CO_C03","CO_C04","CO_C05","CO_C06","CO_D01","CO_D02","CO_D03","CO_D04","CO_D05","CO_D06","CO_D07","CO_D08","CO_D09","CO_G01_01","CO_G01_02","CO_G01_03","CO_G01_04","CO_G01_05","CO_G01_06","CO_G01_07","CO_G01_08","CO_G01_09","CO_G01_10","CO_G01_11","CO_G02","CO_G03A_1","CO_G03B_1","CO_G03A_2","CO_G03B_2","CO_G03A_3","CO_G03B_3","CO_G03A_4","CO_G03B_4","CO_G03A_5","CO_G03B_5","CO_G03A_6","CO_G03B_6","CO_G03A_7","CO_G03B_7","CO_G04","CO_G05","CO_G06","CO_G07","CO_G08","CO_G09","CO_G10","CO_G11","CO_G12","CO_G13","CO_G14_1","CO_G14_2","CO_G14_3","CO_G14_4","CO_G14_5","CO_G14_6","CO_H01","CO_H02","CO_H03","CO_H04","CO_I01","CO_I02","CO_I03","CO_I04","CO_I05","CO_I06","CO_I07","CO_I08","CO_I09_1","CO_I09_2","CO_I09_3","CO_I09_4","CO_I09_5","CO_I09_6","CO_I09_7","CO_I10","Basicweight"
2,1,1,1,2,1,1,260,1," ",1,2,0,,0,,,1,1,15,0,,2,1,,,1,,1,,,,,,1,," ",," ",," ",," ",," ",," ",," ",10,56000,2,2,2,0,1,1,1,5,,,1,,,,1,1,1,1,1,1,2,1,3,12,0,3,,,,,,,555,12,33.29115
3,2,1,1,2,1,1,97,1," ",0,,,,1,0,,1,0,8,1,1,1,1,,,,,,,,,,,1,," ",," ",," ",," ",," ",," ",," ",7,56000,2,2,1,1,0,1,0,,,,,,,,0,,0,,0,,,,,,,,,,,,,,,,65.275125
4,3,1,1,1,1,1,146,4," ",1,9,1,10,0,,,1,1,10,1,3,1,1,,,,1,,,,,,,1,," ",," ",," ",," ",," ",," ",," ",47,56000,1,1,1,0,1,1,0,,,,,,,,0,,0,,0,,,,,,,,,,,,,,,,32.3729260273973
5,4,1,1,1,1,5,345,4," ",1,9,1,10,1,0,,1,0,10,0,,1,1,,,,1,,,,,,,1,," ",," ",," ",," ",," ",," ",," ",45,56000,2,2,1,0,0,1,1,2,,1,,,,,0,,0,,0,,,,,,,,,,,,,,,,10.1755732217573
6,5,1,1,1,1,1,261,4," ",1,9,1,10,0,,,1,0,1,1,4,1,1,,,,,,,,,,,1,," ",," ",," ",," ",," ",," ",," ",25,56000,1,1,2,0,1,1,0,,,,,,,,0,,0,,0,,,,,,,,,,,,,,,,34.7765724137931
7,6,1,1,1,1,1,152,4," ",1,10,0,,1,1,1,1,1,1,1,1,1,1,,,,,,,,,,,1,," ",," ",," ",," ",," ",," ",," ",22,56000,1,1,1,0,1,1,0,,,,,,,,0,,0,,1,1,5,1,1,12,0,4,,,,,,,555,13,22.7114407894737
8,7,1,1,1,1,1,420,10," ",1,4,1,9,0,,,1,1,1,1,1,1,1,,,,,,,,,,,1,," ",," ",," ",," ",," ",," ",," ",3,50000,2,2,1,0,1,1,0,,,,,,,,0,,0,,0,,,,,,,,,,,,,,,,28.8663050239234
9,8,1,1,1,1,1,375,8," ",1,4,0,,0,,,1,1,3,1,4,1,1,,,,,,,,,,,1,," ",," ",," ",," ",," ",," ",," ",14,30000,2,2,2,0,1,2,0,,,,,,,,0,,0,,1,1,5,1,3,12,0,4,,,,,,,555,1,19.4070469002695
10,9,1,1,1,1,1,220,9," ",1,8,0,,1,1,1,1,1,3,0,,1,1,,,,,,,,,,,1,," ",," ",," ",," ",," ",," ",," ",26,40000,1,2,1,0,0,1,0,,,,,,,,0,,0,,1,1,5,1,3,12,0,4,,,,,,,555,5,45.3452229357798
11,10,1,1,1,1,1,361,9," ",1,8,0,,0,,,0,,4,1,2,1,1,,,,,,,,,,,1,," ",," ",," ",," ",," ",," ",," ",22,28000,1,1,1,0,1,1,0,,,,,,,,0,,0,,1,1,5,1,3,12,0,4,,,,,,,555,1,24.2731346260388
12,11,1,2,2,1,1,247,1," ",1,4,0,,0,,,1,1,10,1,2,1,1,,,,,,,,,,,1,," ",," ",," ",," ",," ",," ",," ",8,11000,2,2,1,1,1,1,0,,,,,,,,0,,0,,0,,,,,,,,,,,,,,,,30.805986784141
13,12,1,2,2,1,1,768,4," ",1,10,0,,0,,,1,1,8,1,2,1,1,,,,,,,,,,,1,," ",," ",," ",," ",," ",," ",," ",12,56000,2,3,1,0,1,2,0,,,,,,,,0,,0,,0,,,,,,,,,,,,,,,,13.4902167539267
14,13,1,2,1,1,2,315,4," ",1,10,1,5,0,,,1,1,15,1,1,1,1,,,,,,,,,,,1,," ",," ",," ",," ",," ",," ",," ",16,56000,1,1,4,0,1,1,0,,,,,,,,0,,0,,0,,,,,,,,,,,,,,,,27.6634577777778
15,14,1,2,1,1,1,118,4," ",1,5,0,,0,,,1,1,10,1,1,1,1,,,,,1,,,,,,1,," ",," ",," ",," ",," ",," ",," ",16,1700000,1,2,4,0,1,2,1,1,,1,,,,,0,,0,,0,,,,,,,,,,,,,,,,20.4148122137405
16,15,1,2,1,1,1,793,4," ",1,5,0,,0,,,1,1,7,1,2,1,1,,,,,,,,,,,1,," ",," ",," ",," ",," ",," ",," ",28,0,1,2,1,0,0,1,0,,,,,,,,0,,0,,0,,,,,,,,,,,,,,,,7.50649791666667
17,16,1,2,1,1,1,4100,4," ",1,1,1,9,1,0,,1,0,15,1,1,1,1,,,,,1,,,,,,1,," ",," ",," ",," ",," ",," ",," ",30,0,2,2,2,0,1,1,1,1,,,1,,,,1,4,1,1,0,,,,,,,,,,,,,,,,3.57904556634304
18,17,1,2,2,1,1,340,1," ",1,5,0,,0,,,1,1,1,0,,6,1,,,,,1,,,,,,1,," ",," ",," ",," ",," ",," ",," ",9,5000000,3,4,1,1,0,1,0,,,,,,,,0,,0,,0,,,,,,,,,,,,,,,,41.0282164502164
19,18,1,2,1,1,1,800,9," ",1,10,0,,0,,,1,0,7,0,,1,1,,,,,,,,,,,1,," ",," ",," ",," ",," ",," ",," ",79,0,1,1,1,1,1,1,0,,,,,,,,0,,0,,0,,,,,,,,,,,,,,,,19.94468875
20,19,1,2,2,1,1,216,1," ",1,5,0,,0,,,1,0,1,0,,3,1,,,,,,,,,,,1,," ",," ",," ",," ",," ",," ",," ",6,6720000,3,3,1,0,0,1,1,6,,,,,1,,0,,1,1,0,,,,,,,,,,,,,,,,39.7495568493151
21,20,1,2,1,1,1,102,10," ",1,4,1,9,0,,,1,1,8,1,1,1,1,,,,,,,,,,,1,," ",," ",," ",," ",," ",," ",," ",30,0,1,1,1,1,1,1,0,,,,,,,,1,1,1,1,1,1,3,1,1,12,0,4,,,,,,,555,8,92.4598432989691
22,21,1,2,1,1,1,450,9," ",1,10,0,,0,,,1,0,5,1,1,1,1,,,,,1,,,,,,1,," ",," ",," ",," ",," ",," ",," ",30,56000,2,2,1,0,0,2,1,1,,1,,,,,0,,0,,1,1,2,1,1,12,0,4,,,,,,,555,10,9.87333272727273
23,22,1,2,1,1,1,349,9," ",1,4,0,,0,,,1,1,2,1,1,1,1,,1,,,,,,,,,1,," ",," ",," ",," ",," ",," ",," ",30,56000,2,2,1,0,1,1,0,,,,,,,,0,,0,,1,1,5,1,3,12,0,4,,,,,,,555,9,15.03859
24,23,1,2,1,1,1,350,10," ",1,4,0,,0,,,1,1,5,1,1,1,1,,,,,,,,,,,1,," ",," ",," ",," ",," ",," ",," ",30,55000,1,1,1,0,1,2,0,,,,,,,,0,,0,,0,,,,,,,,,,,,,,,,21.1205211428571
25,24,1,2,1,1,1,350,4," ",1,10,0,,0,,,1,0,8,1,1,1,1,,,,,,,,,,,1,," ",," ",," ",," ",," ",," ",," ",20,50000,1,1,4,1,1,1,0,,,,,,,,1,1,1,1,0,,,,,,,,,,,,,,,,16.7416508571429
26,25,1,2,1,1,1,1134,4," ",1,10,0,,1,1,0,1,0,6,1,1,1,1,,,,,1,,,,,,1,," ",," ",," ",," ",," ",," ",," ",13,56000,1,2,2,0,1,1,0,,,,,,,,0,,0,,0,,,,,,,,,,,,,,,,15.1199458740018
27,26,1,2,1,1,1,3113,4," ",1,1,1,10,1,1,0,1,0,10,1,1,1,1,,,,,1,,,,,,1,," ",," ",," ",," ",," ",," ",," ",10,56000,2,2,4,0,1,1,0,,,,,,,,0,,0,,0,,,,,,,,,,,,,,,,4.12082943262411
28,27,1,2,1,1,4,750,1," ",1,5,1,8,1,1,1,1,0,2,1,4,1,1,,,,,,,,,,,1,," ",," ",," ",," ",," ",," ",," ",15,56000,2,2,1,0,0,1,1,10,,1,,,,,1,1,0,,0,,,,,,,,,,,,,,,,11.2538897515528
29,28,1,2,1,1,1,128,4," ",0,,,,0,,,1,1,15,0,,1,1,,,,,,,,,,,1,," ",," ",," ",," ",," ",," ",," ",49,56000,1,2,1,0,0,1,1,1,,,1,,,,0,,0,,0,,,,,,,,,,,,,,,,65.775825
30,29,1,2,2,1,1,720,5," ",1,1,0,,1,1,0,1,0,6,1,4,2,1,,,,,,,,,,,1,," ",," ",," ",," ",," ",," ",," ",10,1225000,2,2,1,0,0,1,1,1,,1,,,,,0,,0,,0,,,,,,,,,,,,,,,,27.3053669724771
31,30,1,2,1,1,1,886,5," ",1,4,0,,0,,,1,1,2,1,1,1,1,,,,,,,,,,,1,," ",," ",," ",," ",," ",," ",," ",22,75000,1,2,1,0,1,1,0,,,,,,,,0,,0,,1,1,2,1,555,12,0,3,,,,,,,555,3,7.984714375
32,31,1,2,1,1,1,655,5," ",1,4,1,10,0,,,1,0,3,0,,1,1,,,,,,,,,,,1,," ",," ",," ",," ",," ",," ",," ",12,100000,2,2,1,0,1,2,0,,,,,,,,0,,0,,0,,,,,,,,,,,,,,,,4.23082260869565
33,32,1,2,1,1,1,350,9," ",1,10,0,,0,,,1,0,3,1,1,1,1,,,,,,,,,,,1,," ",," ",," ",," ",," ",," ",," ",30,56000,2,2,1,0,1,2,0,,,,,,,,0,,0,,0,,,,,,,,,,,,,,,,21.1555548
34,33,1,2,2,1,2,216,1," ",0,,,,1,0,,1,0,20,0,,1,1,,,,,,,,,,,1,," ",," ",," ",," ",," ",," ",," ",7,60000,3,3,4,1,0,2,0,,,,,,,,0,,0,,0,,,,,,,,,,,,,,,,48.7433
35,34,1,3,1,1,1,158,5," ",1,1,0,,0,,,1,1,6,1,1,1,1,,,,,,,,,,,1,," ",," ",," ",," ",," ",," ",," ",10,8816000,2,2,1,1,0,1,0,,,,,,,,0,,0,,1,1,2,1,3,12,1,3,1,,,1,,,,,39.1813092105263
36,35,1,3,2,1,2,518,1," ",1,9,0,,0,,,1,0,5,1,1,1,1,,,,,1,,,,,,1,," ",," ",," ",," ",," ",," ",," ",3,56000,2,2,2,1,1,1,1,15,,1,,,,,1,4,0,,0,,,,,,,,,,,,,,,,33.7477419354839
37,36,1,3,1,1,1,490,7," ",1,5,1,4,0,,,0,,4,1,1,1,1,,,,,,,,,,,1,," ",," ",," ",," ",," ",," ",," ",15,24300000,2,2,1,0,1,1,0,,,,,,,,0,,0,,0,,,,,,,,,,,,,,,,13.9474928131417
38,37,1,3,1,1,1,376,555,"Work for someone",1,4,1,10,1,0,,1,1,1,1,3,1,1,,,1,,1,,,,,,1,," ",," ",," ",," ",," ",," ",," ",12,60000,2,1,1,0,0,1,1,1,,1,,,,,0,,0,,1,1,2,1,3,12,1,3,,,,1,,,,,12.3686712765957
39,38,1,3,1,1,7,173,9," ",1,4,1,5,1,1,1,1,1,5,1,1,1,1,,,1,1,1,,,,,,1,," ",," ",," ",," ",," ",," ",," ",20,56000,1,1,1,0,1,1,1,5,1,,,,,,0,,0,,0,,,,,,,,,,,,,,,,28.5102728323699
40,39,1,3,1,1,1,197,555,"Masonry/builder",0,,,,0,,,1,1,3,1,1,1,1,,,,,,,,,,,1,," ",," ",," ",," ",," ",," ",," ",15,60000,1,2,1,0,0,2,0,,,,,,,,0,,0,,1,1,4,3,2,12,0,4,,1,,,,,,,46.9627568421053
41,40,1,3,1,1,1,126,4," ",1,10,1,9,0,,,1,1,5,1,1,1,1,,,,,1,,,,,,1,," ",," ",," ",," ",," ",," ",," ",20,0,2,2,1,0,0,1,1,10,,1,,1,,,1,2,1,2,1,1,2,1,3,12,0,3,,1,,,,,,,43.053996
42,41,1,3,1,1,1,76,4," ",0,,,,0,,,0,,6,1,1,1,1,,,,,,,,,,,1,," ",," ",," ",," ",," ",," ",," ",28,0,1,1,1,0,0,2,0,,,,,,,,0,,0,,0,,,,,,,,,,,,,,,,23.9960368421053
43,42,1,3,1,1,1,262,4," ",1,5,1,10,0,,,1,1,4,1,1,1,1,,,,,,,,,,,1,," ",," ",," ",," ",," ",," ",," ",40,20000,1,2,1,0,1,1,0,,,,,,,,0,,0,,0,,,,,,,,,,,,,,,,27.0597727969349
45,43,1,3,1,1,1,296,9," ",1,5,1,10,1,1,0,1,0,18,1,2,1,1,,,,,,,,,,,1,," ",," ",," ",," ",," ",," ",," ",14,11000,2,2,1,0,0,2,0,,,,,,,,0,,0,,0,,,,,,,,,,,,,,,,17.1043262068966
46,44,1,3,2,1,4,282,3," ",1,1,1,4,1,1,0,1,0,5,1,2,1,1,,,1,,,,,,,,1,," ",," ",," ",," ",," ",," ",," ",7,55000,2,2,4,1,0,2,1,15,,,,,,555,0,,0,,0,,,,,,,,,,,,,,,,34.238744813278
47,45,1,3,1,1,1,250,10," ",0,,,,0,,,1,1,2,1,1,1,1,,,,,,,,,,,1,," ",," ",," ",," ",," ",," ",," ",20,3808000,1,1,1,0,0,1,0,,,,,,,,1,1,1,1,1,1,4,1,3,12,0,4,,,,,,,555,15,88.8850588235294
48,46,1,3,1,1,1,860,4," ",1,10,1,5,0,,,1,1,1,1,1,1,1,,,,,,,,,,,1,," ",," ",," ",," ",," ",," ",," ",28,56000,1,1,2,0,1,1,0,,,,,,,,1,1,1,1,1,1,4,1,3,12,0,4,1,,,,,,,,24.1846151162791
49,47,1,3,1,1,1,214,10," ",0,,,,0,,,1,1,1,1,1,1,1,,,,,,,,,,,1,," ",," ",," ",," ",," ",," ",," ",27,40000000,1,1,1,0,0,1,0,,,,,,,,1,1,1,1,0,,,,,,,,,,,,,,,,22.5478852941176
50,48,2,1,1,1,1,216,1," ",1,8,1,4,1,1,1,1,0,8,1,1,7,1,,,,,1,,,,,,1,," ",," ",," ",," ",," ",," ",," ",10,56000,2,2,2,0,1,1,1,10,,,,1,,,0,,0,,0,,,,,,,,,,,,,,,,20.2034487562189
51,49,2,1,1,1,1,246,10," ",1,4,0,,0,,,0,,3,1,1,1,1,,,,,,,,,,,1,," ",," ",," ",," ",," ",," ",," ",45,56000,1,2,1,0,0,2,0,,,,,,,,1,4,0,,0,,,,,,,,,,,,,,,,8.52196355140187
52,50,2,1,2,1,1,280,1," ",0,,,,0,,,1,0,33,0,,3,1,,,,,1,,,,,,1,," ",," ",," ",," ",," ",," ",," ",10,56000,4,4,4,0,0,2,0,,,,,,,,1,4,0,,0,,,,,,,,,,,,,,,,90.9873333333333
53,51,2,1,2,1,1,141,1," ",1,9,0,,0,,,1,1,8,1,4,1,1,,,,,,,,,,,1,," ",," ",," ",," ",," ",," ",," ",30,56000,4,4,4,0,0,2,0,,,,,,,,1,1,0,,0,,,,,,,,,,,,,,,,152.80155
54,52,2,1,2,1,1,88,1," ",1,4,0,,0,,,1,1,7,1,1,2,1,,,,,1,,,,,,1,," ",," ",," ",," ",," ",," ",," ",4,56000,4,4,1,0,0,2,0,,,,,,,,1,1,0,,0,,,,,,,,,,,,,,,,45.2318409090909
55,53,2,1,2,1,1,95,1," ",0,,,,1,1,0,1,0,20,0,,2,1,,,,,,,,,,,1,," ",," ",," ",," ",," ",," ",," ",2,0,4,4,4,0,0,2,0,,,,,,,,1,4,0,,0,,,,,,,,,,,,,,,,207.560347826087
56,54,2,2,2,1,10,126,1," ",1,5,0,,0,,,1,1,20,1,2,2,1,,,,,,,,,,,1,," ",," ",," ",," ",," ",," ",," ",2,0,2,2,2,1,0,1,1,6,,1,,,,,0,,0,,0,,,,,,,,,,,,,,,,11.9489366834171
57,55,2,2,2,1,10,182,1," ",0,,,,1,1,0,1,1,30,0,,2,1,,,,,,,,,,,1,," ",," ",," ",," ",," ",," ",," ",6,700000,4,4,4,0,0,1,1,20,,1,,,,,0,,0,,0,,,,,,,,,,,,,,,,6.323716875
58,56,2,2,2,1,10,280,1," ",1,5,0,,0,,,1,1,17,1,4,2,1,,,,,,,,,,,1,," ",," ",," ",," ",," ",," ",," ",7,2805000,2,2,1,1,0,1,1,40,,,1,,,,0,,0,,0,,,,,,,,,,,,,,,,94.0141550802139
59,57,2,2,2,1,10,118,1," ",1,5,0,,0,,,1,0,20,1,1,1,1,,,,,,,,,,,1,," ",," ",," ",," ",," ",," ",," ",4,0,4,4,4,0,0,1,1,10,,,,,,555,0,,0,,0,,,,,,,,,,,,,,,,11.4382214285714
60,58,2,2,2,1,10,106,1," ",1,5,0,,0,,,1,0,20,1,1,1,1,,,,,,,,,,,1,," ",," ",," ",," ",," ",," ",," ",1,0,2,2,3,1,0,1,1,10,,1,,,,,0,,0,,0,,,,,,,,,,,,,,,,15.5927013157895
61,59,2,2,2,1,10,113,1," ",1,5,0,,0,,,1,0,30,1,2,3,1,,,,,,,,,,,1,," ",," ",," ",," ",," ",," ",," ",6,0,4,3,1,1,0,1,1,20,,1,,,,,0,,0,,0,,,,,,,,,,,,,,,,10.5182256410256
62,60,2,2,2,1,10,131,1," ",1,5,0,,0,,,1,0,30,1,4,2,1,,,,,,,,,,,1,," ",," ",," ",," ",," ",," ",," ",4,0,2,2,1,1,0,1,1,30,,1,,,,,0,,0,,0,,,,,,,,,,,,,,,,9.59673777777778
63,61,2,2,2,1,10,283,1," ",1,5,0,,0,,,1,0,16,1,2,3,1,,,,,,,,,,,1,," ",," ",," ",," ",," ",," ",," ",3,320000,4,4,4,1,0,1,1,6,,1,,,,,0,,0,,0,,,,,,,,,,,,,,,,5.68636416666667
64,62,2,2,2,1,10,174,1," ",1,5,0,,0,,,1,0,30,0,,1,1,,,,,,,,,,,1,," ",," ",," ",," ",," ",," ",," ",4,0,4,4,1,1,0,1,1,11,,,,1,,,0,,0,,0,,,,,,,,,,,,,,,,7.20332459016393
65,63,2,2,2,1,10,114,1," ",1,5,0,,0,,,0,,25,1,2,3,1,,,,,,,,,,,1,," ",," ",," ",," ",," ",," ",," ",4,0,4,4,4,0,0,1,0,,,,,,,,0,,0,,0,,,,,,,,,,,,,,,,10.1865876923077
66,64,2,2,2,1,10,365,1," ",1,2,1,5,0,,,1,0,20,1,4,2,1,,,,,,,,,,,1,," ",," ",," ",," ",," ",," ",," ",4,0,2,2,1,1,0,1,1,2,,1,,,,,0,,0,,0,,,,,,,,,,,,,,,,4.40477818181818
67,65,2,2,2,1,10,176,1," ",1,5,0,,0,,,1,0,20,1,2,2,1,,,,,,,,,,,1,," ",," ",," ",," ",," ",," ",," ",1,52000,4,4,4,0,0,2,1,50,,1,,,,,1,1,1,1,0,,,,,,,,,,,,,,,,6.27120765957447
68,66,2,2,2,1,10,165,1," ",1,5,0,,0,,,1,0,20,0,,3,1,,,,,,,,,,,1,," ",," ",," ",," ",," ",," ",," ",1,0,2,2,1,0,0,2,0,,,,,,,,0,,0,,0,,,,,,,,,,,,,,,,138.488
69,67,2,2,2,1,10,215,1," ",1,5,0,,0,,,1,0,40,1,2,2,1,,,,,,,,,,,1,," ",," ",," ",," ",," ",," ",," ",10,56000,2,2,1,0,0,2,0,,,,,,,,0,,0,,0,,,,,,,,,,,,,,,,6.55938214285714
70,68,2,2,2,1,10,222,1," ",1,5,1,9,0,,,1,0,7,1,1,1,1,,,,,,,,,,,1,," ",," ",," ",," ",," ",," ",," ",4,0,4,4,1,1,0,2,1,5,,,,,1,,1,1,0,,0,,,,,,,,,,,,,,,,5.97752774193548
71,69,2,2,2,1,10,185,1," ",1,5,1,4,0,,,1,0,20,1,1,1,1,,,,,,,,,,,1,," ",," ",," ",," ",," ",," ",," ",5,580000,4,4,1,1,0,1,1,12,,,,,,555,1,1,0,,1,1,1,1,3,12,1,3,,,,,,,555,2,111.031052054795
79,70,2,3,1,1,1,216,1," ",1,2,1,4,0,,,1,0,5,1,2,1,1,,,,,,,,,,,1,," ",," ",," ",," ",," ",," ",," ",25,30000,2,2,1,1,0,2,0,,,,,,,,1,1,1,1,1,1,2,1,3,12,1,3,,,,,,,555,5,13.34441
80,71,2,3,2,1,2,1497,1," ",1,2,1,4,1,0,,1,0,1,1,2,6,1,,,,1,,,,,,,1,," ",," ",," ",," ",," ",," ",," ",6,60000,4,4,1,0,0,3,1,60,,,,,1,,1,1,1,1,0,,,,,,,,,,,,,,,,104.835668449198
81,72,2,3,2,1,1,186,1," ",0,,,,0,,,1,1,35,1,1,1,1,,,,,,,,,,,1,," ",," ",," ",," ",," ",," ",," ",10,0,4,4,1,0,0,2,0,,,,,,,,0,,0,,1,1,2,1,3,12,0,3,,,,,,,555,5,112.872822222222
82,73,2,3,2,1,1,368,6," ",1,1,0,,1,0,,1,0,3,1,2,2,1,,,,,,,,,,,1,," ",," ",," ",," ",," ",," ",," ",3,0,4,4,1,0,0,2,1,8,,,,,1,,1,1,1,1,0,,,,,,,,,,,,,,,,198.80024
83,74,2,4,2,1,1,76,1," ",0,,,,1,1,0,1,0,20,0,,1,,,,,,1,,,,,,3,," ",," ",," ",," ",," ",," ",," ",,,,,,,,,0,,,,,,,,0,,0,,0,,,,,,,,,,,,,,,,283.146722891566
84,75,2,4,2,1,1,268,9," ",1,10,1,1,0,,,1,1,5,1,1,1,1,,,,,,,,,,,1,," ",," ",," ",," ",," ",," ",," ",20,56000,2,2,1,1,1,1,0,,,,,,,,0,,0,,1,1,4,2,2,7,0,4,,,,,,,555,2,72.2506289308176
85,76,2,4,1,1,1,175,10," ",1,4,0,,0,,,1,1,2,1,1,1,1,,,,,1,,,,,,1,," ",," ",," ",," ",," ",," ",," ",15,56000,1,1,1,0,0,2,0,,,,,,,,0,,0,,1,1,2,3,3,12,0,2,,,,,,,555,2,18.0142465909091
86,77,2,4,1,1,1,97,10," ",1,4,0,,0,,,1,1,6,1,1,1,1,,,,,,,,,,,1,," ",," ",," ",," ",," ",," ",," ",28,56000,1,2,1,0,0,2,0,,,,,,,,0,,0,,0,,,,,,,,,,,,,,,,18.0087829787234
87,78,2,4,2,1,1,305,1," ",0,,,,0,,,1,0,20,1,1,2,,,,,,,,,,111,,3,," ",," ",," ",," ",," ",," ",," ",,,,,,,,,0,,,,,,,,0,,0,,0,,,,,,,,,,,,,,,,102.260069686411
88,79,2,4,1,1,1,341,9," ",0,,,,0,,,1,1,3,1,1,1,1,,,,,,,,,,,1,," ",," ",," ",," ",," ",," ",," ",20,56000,1,2,1,0,0,2,0,,,,,,,,0,,0,,1,1,2,3,1,12,0,3,,,,,,,555,2,12.1381444776119
89,80,2,4,1,1,1,242,4," ",1,1,0,,0,,,1,1,7,0,,1,1,,,,,,,,,,,1,," ",," ",," ",," ",," ",," ",," ",20,56000,2,2,1,0,0,3,0,,,,,,,,0,,0,,1,1,1,1,1,12,0,4,,,,,,,555,2,15.4509974137931
90,81,2,5,2,1,1,195,1," ",0,,,,1,1,0,1,0,55,0,,1,1,,,,,1,,,,,,1,," ",," ",," ",," ",," ",," ",," ",6,56000,4,4,4,1,0,2,1,40,,1,,,1,,0,,0,,0,,,,,,,,,,,,,,,,124.678725925926
91,82,2,5,2,1,1,209,1," ",0,,,,0,,,1,1,10,1,2,1,,,,,,1,,,,,,1,," ",," ",," ",," ",," ",," ",," ",20,56000,4,4,4,0,0,2,1,25,1,,,,,,1,4,0,,0,,,,,,,,,,,,,,,,5.83359555555556
92,83,2,5,1,1,1,1580,2," ",1,1,0,,0,,,1,1,2,0,,1,1,,,,,1,,,,,,1,," ",," ",," ",," ",," ",," ",," ",8,56000,2,2,1,0,1,2,1,25,1,,,,,,1,4,1,1,1,1,4,1,3,12,0,4,,,,,,,555,8,6.58144009096816
93,84,2,5,2,1,1,260,1," ",0,,,,0,,,1,1,5,0,,1,1,,,,,1,,,,,,1,," ",," ",," ",," ",," ",," ",," ",10,56000,2,2,1,0,1,2,1,3,,,1,,,,1,1,0,,0,,,,,,,,,,,,,,,,6.03000852631579
94,85,2,5,2,1,1,240,1," ",0,,,,1,0,,1,0,4,1,2,1,,,,,,1,,,,,,3,," ",," ",," ",," ",," ",," ",," ",,,,,,,,,1,30,,,1,,,,0,,0,,0,,,,,,,,,,,,,,,,5.1029127090301
95,86,2,5,2,1,1,128,1," ",0,,,,1,1,0,1,0,8,1,1,1,1,,,,,,,,,,,1,," ",," ",," ",," ",," ",," ",," ",5,0,2,2,2,0,0,2,0,,,,,,,,0,,0,,0,,,,,,,,,,,,,,,,8.59660148148148
96,87,2,5,2,1,1,222,1," ",0,,,,1,0,,1,0,5,1,1,1,1,,,,,,,,,,,1,," ",," ",," ",," ",," ",," ",," ",7,0,4,4,1,0,0,2,0,,,,,,,,1,2,0,,0,,,,,,,,,,,,,,,,5.64209608695652
97,88,2,5,2,1,1,222,1," ",1,4,0,,0,,,1,1,7,0,,6,,,,,,1,,,,,,3,," ",," ",," ",," ",," ",," ",," ",,,,,,,,,1,2,,,,1,,,1,2,0,,0,,,,,,,,,,,,,,,,4.88795216326531
98,89,2,5,2,1,1,134,1," ",0,,,,1,1,1,1,0,15,0,,3,1,,,,,,,,,,,1,," ",," ",," ",," ",," ",," ",," ",3,54000,2,2,1,0,0,2,0,,,,,,,,0,,0,,0,,,,,,,,,,,,,,,,7.90328774193548
99,90,2,5,2,1,1,122,1," ",0,,,,1,0,,0,,20,1,1,2,,,,,,1,,,,,,3,," ",," ",," ",," ",," ",," ",," ",,,,,,,,,1,30,,,,1,,,0,,0,,0,,,,,,,,,,,,,,,,134.667481889764
100,91,2,5,2,1,1,123,1," ",0,,,,1,0,,1,0,50,1,1,2,1,,,,,1,,,,,,1,," ",," ",," ",," ",," ",," ",," ",88,56000,4,4,1,0,0,2,1,50,,,,1,,,0,,0,,0,,,,,,,,,,,,,,,,179.081928947368
101,92,2,5,2,1,1,117,1," ",0,,,,1,1,0,1,0,20,0,,3,,,,,,1,,,,,,3,," ",," ",," ",," ",," ",," ",," ",,,,,,,,,1,5,,,,,1,,0,,0,,0,,,,,,,,,,,,,,,,11.0025058064516
102,93,2,5,1,1,1,216,1," ",1,4,0,,0,,,1,1,8,1,1,1,1,,,,,,,,,,,1,," ",," ",," ",," ",," ",," ",," ",20,56000,2,2,1,0,0,2,0,,,,,,,,0,,0,,0,,,,,,,,,,,,,,,,6.93965068493151
103,94,2,5,2,1,1,196,1," ",0,,,,1,1,0,1,0,20,1,1,3,1,,,,,1,,,,,,1,," ",," ",," ",," ",," ",," ",," ",3,0,2,2,1,0,0,3,1,20,,,,1,,,0,,0,,0,,,,,,,,,,,,,,,,7.06769470588235
104,95,2,5,2,1,1,129,1," ",0,,,,0,,,1,1,15,1,1,2,1,,,,,,,,,,,1,," ",," ",," ",," ",," ",," ",," ",3,56000,4,4,1,0,0,2,1,10,,,1,,,,0,,0,,1,1,4,1,3,12,0,4,,,,,,,555,8,11.688666
105,96,2,5,2,1,1,148,1," ",0,,,,0,,,1,0,17,1,2,2,,,,,,,,,,111,,3,," ",," ",," ",," ",," ",," ",," ",,,,,,,,,0,,,,,,,,1,2,1,1,0,,,,,,,,,,,,,,,,7.49371745454545
114,97,2,6,2,1,1,190,1," ",1,2,0,,1,0,,1,0,20,0,,6,1,,,,,1,,,,,,1,," ",," ",," ",," ",," ",," ",," ",1,0,4,4,4,0,0,1,1,50,,,1,1,,,1,1,1,1,0,,,,,,,,,,,,,,,,109.48854
115,98,2,6,1,1,1,357,4," ",1,1,1,2,0,,,1,0,24,1,2,1,1,,,,,,,,,,,1,," ",," ",," ",," ",," ",," ",," ",12,56000,1,2,2,0,0,1,0,,,,,,,,0,,0,,1,1,4,1,3,12,0,3,,,,,,,555,2,6.9631550877193
116,99,2,6,2,1,1,138,1," ",1,2,0,,1,1,0,1,0,32,0,,4,1,,,,,1,,,,,,1,," ",," ",," ",," ",," ",," ",," ",3,0,2,2,2,1,0,1,0,,,,,,,,1,1,0,,0,,,,,,,,,,,,,,,,138.22532038835
117,100,2,6,2,1,1,210,1," ",1,2,1,4,1,1,0,1,0,20,1,1,8,1,,,,,1,,,,,,1,," ",," ",," ",," ",," ",," ",," ",6,0,2,2,4,1,0,1,1,5,,1,,,1,,0,,0,,0,,,,,,,,,,,,,,,,121.078246153846
118,101,2,6,2,1,2,126,1," ",0,,,,1,0,,1,0,8,1,4,4,,,,,,,,,,111,,3,," ",," ",," ",," ",," ",," ",," ",,,,,,,,,0,,,,,,,,1,3,0,,0,,,,,,,,,,,,,,,,164.318615384615
119,102,2,6,1,1,1,203,8," ",1,9,0,,0,,,0,,2,1,1,1,1,,,,,1,,,,,,1,," ",," ",," ",," ",," ",," ",," ",8,80000,2,2,2,0,0,1,1,1,,1,,,,,1,3,0,,0,,,,,,,,,,,,,,,,26.6755114503817
120,103,2,7,1,1,1,500,9," ",1,1,1,4,0,,,0,,3,1,2,1,1,,,,,,,,,,,1,," ",," ",," ",," ",," ",," ",," ",5,50000,1,2,1,1,0,2,1,10,,1,,,1,,0,,0,,0,,,,,,,,,,,,,,,,10.14123
121,104,2,7,2,1,1,203,1," ",0,,,,1,0,,1,0,18,1,3,2,,,,,,1,,,,,,3,," ",," ",," ",," ",," ",," ",," ",,,,,,,,,1,40,,,,1,1,,1,2,0,,0,,,,,,,,,,,,,,,,90.2549166666667
122,105,2,7,2,1,1,509,1," ",1,2,1,4,0,,,1,1,21,1,4,6,1,,,,,,,,,,,1,," ",," ",," ",," ",," ",," ",," ",28,100000,4,4,2,1,0,2,1,20,,,1,,,,1,3,0,,0,,,,,,,,,,,,,,,,53.5930577507599
123,106,2,7,1,1,1,385,10," ",1,9,1,4,1,1,0,1,0,3,1,2,1,1,,,,,,,,,,,1,," ",," ",," ",," ",," ",," ",," ",40,20000,1,2,2,1,0,1,0,,,,,,,,0,,0,,0,,,,,,,,,,,,,,,,6.04231948051948
124,107,2,7,1,1,1,526,9," ",1,1,1,4,0,,,1,1,1,1,1,1,1,,,,,,,,,,,1,," ",," ",," ",," ",," ",," ",," ",20,50000,1,2,2,0,0,2,0,,,,,,,,0,,0,,0,,,,,,,,,,,,,,,,7.471653
125,108,2,7,2,1,1,203,8," ",0,,,,1,1,0,1,0,30,0,,2,,,,,1,,,,,,,3,," ",," ",," ",," ",," ",," ",," ",,,,,,,,,1,5,,1,,1,,,1,3,1,1,0,,,,,,,,,,,,,,,,100.539116883117
126,109,2,7,1,1,1,298,4," ",1,9,1,10,0,,,1,1,1,1,1,1,1,,,,,,,,,,,1,," ",," ",," ",," ",," ",," ",," ",45,70000,1,2,2,0,0,1,0,,,,,,,,0,,0,,1,1,4,1,3,10,0,3,,,,,,,555,5,16.0080777777778
127,110,2,8,2,1,1,420,1," ",1,4,0,,0,,,1,0,1,0,,1,1,,,1,1,,,,,,,1,," ",," ",," ",," ",," ",," ",," ",12,56000,4,4,4,1,1,2,0,,,,,,,,0,,1,1,0,,,,,,,,,,,,,,,,60.01412
128,111,2,8,1,1,1,1147,1," ",1,4,0,,1,1,0,1,0,2,1,4,1,1,,1,,,1,1,,,,,1,," ",," ",," ",," ",," ",," ",," ",16,56000,4,4,2,0,0,1,0,,,,,,,,1,1,0,,0,,,,,,,,,,,,,,,,4.83481479713604
129,112,2,8,2,1,2,270,1," ",1,2,1,4,1,0,,1,0,43,1,2,3,,,,,,,,,,111,,3,," ",," ",," ",," ",," ",," ",," ",,,,,,,,,1,5,,1,,,,,0,,1,1,0,,,,,,,,,,,,,,,,72.9900818181818
130,113,2,8,1,1,1,363,1," ",1,2,0,,1,1,0,0,,2,1,2,1,,,,1,1,1,,,,,,3,," ",," ",," ",," ",," ",," ",," ",,,,,,,,,0,,,,,,,,0,,0,,0,,,,,,,,,,,,,,,,9.81552
131,114,2,8,2,1,1,218,1," ",0,,,,1,0,,1,0,70,0,,3,,,,,,1,,,,,,3,," ",," ",," ",," ",," ",," ",," ",,,,,,,,,1,30,,1,,,,,0,,0,,0,,,,,,,,,,,,,,,,82.8797946428571
132,115,2,8,2,1,1,245,1," ",0,,,,0,,,1,0,15,0,,1,,,,,,1,,,,,,3,," ",," ",," ",," ",," ",," ",," ",,,,,,,,,1,20,,1,,,,,0,,0,,0,,,,,,,,,,,,,,,,95.6783076923077
133,116,2,8,1,1,1,341,4," ",1,8,0,,0,,,1,0,11,1,2,1,1,,,,,1,,,,,,1,," ",," ",," ",," ",," ",," ",," ",15,100000,4,4,1,1,1,2,1,40,,1,,,,,0,,0,,0,,,,,,,,,,,,,,,,9.9624364640884
134,117,2,8,1,1,1,936,4," ",1,10,0,,0,,,1,1,7,1,2,1,1,,,,,,,,,,,1,," ",," ",," ",," ",," ",," ",," ",25,76000,2,2,1,1,0,1,1,5,,1,,,,,0,,0,,1,1,3,1,3,12,1,3,,,,,,,555,2,5.43553831877729
135,118,3,1,2,1,1,97,2," ",1,3,1,555,0,,,1,1,8,1,1,7,1,,,1,,1,,,,,,1,," ",," ",," ",," ",," ",," ",," ",1,10000,4,4,1,0,0,2,1,17,,1,,,1,,0,,0,,0,,,,,,,,,,,,,,,,9.30926727272727
136,119,3,1,2,1,1,105,1," ",1,555,0,,1,0,,0,,36,1,1,7,,,,1,,1,,,,,,3,," ",," ",," ",," ",," ",," ",," ",,,,,,,,,1,5,,1,,,,,0,,0,,0,,,,,,,,,,,,,,,,8.84043631578947
137,120,3,1,1,1,1,139,4," ",1,9,1,10,1,1,0,1,0,16,1,2,1,1,,,,,,,,,,,1,," ",," ",," ",," ",," ",," ",," ",14,0,4,2,1,1,1,1,0,,,,,,,,0,,0,,0,,,,,,,,,,,,,,,,23.9924330935252
138,121,3,1,2,1,1,177,1," ",1,9,1,2,1,0,,1,0,45,1,4,7,1,,,,,,,,,,,1,," ",," ",," ",," ",," ",," ",," ",13,0,4,4,4,0,0,1,0,,,,,,,,0,,0,,0,,,,,,,,,,,,,,,,6.05804417910448
139,122,3,1,2,1,1,152,1," ",1,2,1,9,0,,,1,0,25,1,4,8,1,,,,,,,,,,,1,," ",," ",," ",," ",," ",," ",," ",14,0,2,2,3,1,0,2,0,,,,,,,,0,,0,,0,,,,,,,,,,,,,,,,8.73729090909091
140,123,3,1,2,1,1,109,1," ",1,2,1,9,1,0,,1,0,15,1,2,7,1,,,,,,,,,,,3,," ",," ",," ",," ",," ",," ",," ",,,,,,,,,1,70,,,1,,,,0,,1,1,0,,,,,,,,,,,,,,,,8.86556956521739
141,124,3,1,2,1,1,203,1," ",1,9,1,4,1,0,,1,0,18,1,2,6,1,,,,,,,,,,,1,," ",," ",," ",," ",," ",," ",," ",1,0,4,4,4,1,0,1,0,,,,,,,,0,,0,,0,,,,,,,,,,,,,,,,7.22822444444444
142,125,3,1,2,1,1,162,1," ",1,2,1,9,1,0,,1,0,41,1,4,1,,,,,,,,,,111,,3,," ",," ",," ",," ",," ",," ",," ",,,,,,,,,0,,,,,,,,0,,1,1,0,,,,,,,,,,,,,,,,7.96816413461539
143,126,3,1,2,1,1,191,1," ",1,2,1,9,0,,,1,0,41,1,4,6,1,,,1,1,1,,,,,,3,," ",," ",," ",," ",," ",," ",," ",,,,,,,,,1,1,,,1,,,,0,,0,,0,,,,,,,,,,,,,,,,129.616023809524
144,127,3,1,2,1,1,216,1," ",1,9,1,4,1,0,,1,0,62,1,2,7,1,,,,,,,,,,,1,," ",," ",," ",," ",," ",," ",," ",15,0,4,4,1,1,0,1,0,,,,,,,,0,,0,,0,,,,,,,,,,,,,,,,6.52797094736842
145,128,3,1,2,1,1,165,1," ",1,2,1,4,0,,,1,0,12,1,2,6,1,,,,,,,,,,,1,," ",," ",," ",," ",," ",," ",," ",1,0,4,4,4,0,0,2,0,,,,,,,,0,,0,,0,,,,,,,,,,,,,,,,143.114677419355
146,129,3,1,1,1,1,165,1," ",1,4,1,2,1,0,,0,,1,1,1,7,1,,,,,,,,,,,1,," ",," ",," ",," ",," ",," ",," ",23,0,1,3,1,1,0,2,0,,,,,,,,0,,0,,0,,,,,,,,,,,,,,,,19.6108301886792
147,130,3,1,2,1,1,85,9," ",1,1,1,4,1,0,,0,,35,1,4,7,1,,,,,,,,,,,1,," ",," ",," ",," ",," ",," ",," ",1,0,4,4,4,1,0,1,0,,,,,,,,0,,0,,0,,,,,,,,,,,,,,,,12.8257836585366
148,131,3,1,2,1,1,105,1," ",1,2,1,4,0,,,1,1,20,1,1,3,1,,,,,,,,,,,1,," ",," ",," ",," ",," ",," ",," ",5,50000,4,4,4,0,0,3,0,,,,,,,,0,,0,,0,,,,,,,,,,,,,,,,5.20940357142857
149,132,3,1,2,1,5,293,1," ",1,2,0,,1,1,0,1,0,10,1,1,2,1,,,,,1,,,,,,1,," ",," ",," ",," ",," ",," ",," ",18,42000,4,4,4,0,0,2,1,22,,1,,,,,1,1,1,1,0,,,,,,,,,,,,,,,,7.28915877551021
150,133,3,1,2,1,1,256,1," ",1,2,1,555,1,0,,1,0,80,1,4,1,1,,,,,1,,,,,,1,," ",," ",," ",," ",," ",," ",," ",3,70000,4,4,4,0,0,3,1,50,,1,,,,,0,,0,,0,,,,,,,,,,,,,,,,84.5583622641509
159,134,3,2,2,1,1,155,1," ",1,2,0,,0,,,0,,50,1,1,1,1,,1,1,,1,,,,,,1,," ",," ",," ",," ",," ",," ",," ",10,56000,3,3,2,1,0,1,1,3,,1,,,,,1,1,0,,0,,,,,,,,,,,,,,,,112.320421052632
160,135,3,2,2,1,1,180,1," ",1,2,1,4,0,,,1,0,12,1,2,1,1,,,,,1,,,,,,1,," ",," ",," ",," ",," ",," ",," ",5,50000,3,3,2,0,0,2,1,3,,1,,,,,0,,0,,0,,,,,,,,,,,,,,,,147.572481927711
161,136,3,2,2,1,4,146,1," ",1,2,1,5,1,0,,0,,56,1,1,2,1,,,,,1,,,,,,1,," ",," ",," ",," ",," ",," ",," ",2,56000,4,4,4,0,0,2,1,4,,,,1,,,1,1,1,1,0,,,,,,,,,,,,,,,,165.54155
162,137,3,3,2,1,6,135,1," ",1,2,1,555,0,,,1,0,15,1,2,10,1,,,,,1,,,,,,1,," ",," ",," ",," ",," ",," ",," ",3,60000,4,4,4,0,0,3,1,7,,,,1,,,1,4,1,1,0,,,,,,,,,,,,,,,,184.221032258065
163,138,3,3,1,1,1,320,9," ",1,2,1,10,0,,,1,1,2,1,1,1,1,,,,1,1,,,,,,1,," ",," ",," ",," ",," ",," ",," ",20,55000,1,1,1,0,0,2,1,10,,1,,,,,1,1,1,1,1,1,4,1,4,12,0,2,,,,,,,555,6,17.2384463414634
164,139,3,3,1,1,1,128,8," ",1,4,0,,0,,,1,1,2,1,1,1,1,,,,,,,,,,,1,," ",," ",," ",," ",," ",," ",," ",23,0,1,2,1,0,1,1,0,,,,,,,,0,,0,,0,,,,,,,,,,,,,,,,27.1421528455285
165,140,3,3,1,1,1,127,4," ",1,10,0,,0,,,1,1,3,1,1,1,1,,,,,,,,,,,1,," ",," ",," ",," ",," ",," ",," ",18,0,1,1,4,0,1,1,0,,,,,,,,0,,0,,1,1,3,1,1,12,0,4,,,,,,,555,1,30.559265408805
166,141,3,3,1,1,1,421,4," ",1,5,0,,0,,,1,1,5,1,1,1,1,,,,,,,,,,,1,," ",," ",," ",," ",," ",," ",," ",19,3000000,2,2,4,0,0,2,0,,,,,,,,0,,0,,0,,,,,,,,,,,,,,,,12.4060407960199
167,142,3,3,2,1,1,164,1," ",1,2,0,,1,0,,0,,20,1,3,7,1,,,,,1,,,,,,3,," ",," ",," ",," ",," ",," ",," ",,,,,,,,,0,,,,,,,,0,,0,,0,,,,,,,,,,,,,,,,121.961137254902
168,143,3,3,1,1,1,1018,1," ",1,10,1,4,0,,,1,1,12,1,4,1,1,,,,,,,,,,,1,," ",," ",," ",," ",," ",," ",," ",4,0,3,4,3,0,0,2,0,,,,,,,,0,,0,,1,1,1,1,1,12,0,3,,,,,,,555,5,7.21586578366446
169,144,3,3,1,1,1,182,4," ",1,1,0,,1,0,,0,,11,1,1,1,1,,,,,,,,,,,1,," ",," ",," ",," ",," ",," ",," ",10,1500000,2,2,4,0,0,2,0,,,,,,,,0,,0,,0,,,,,,,,,,,,,,,,22.0445028571429
170,145,3,3,2,1,1,165,1," ",1,5,0,,1,0,,1,0,20,0,,6,1,,,,,,,,,,,1,," ",," ",," ",," ",," ",," ",," ",2,0,2,2,4,0,0,2,0,,,,,,,,0,,0,,0,,,,,,,,,,,,,,,,137.508
171,146,3,3,1,1,1,400,4," ",1,1,1,2,0,,,1,1,7,1,1,1,1,,,,,,,,,,,1,," ",," ",," ",," ",," ",," ",," ",30,4000000,2,2,4,1,1,1,0,,,,,,,,0,,0,,1,1,1,1,111,12,0,2,,,,,,,555,2,16.8267534626039
172,147,3,3,1,1,1,816,4," ",1,5,0,,0,,,1,1,3,1,1,1,1,,,,,,,,,,,1,," ",," ",," ",," ",," ",," ",," ",20,2000000,2,2,1,0,0,2,0,,,,,,,,1,1,0,,1,1,2,1,1,12,0,4,,,,,,,555,,8.8548862745098
173,148,3,3,1,1,1,800,4," ",1,5,0,,0,,,1,1,3,1,1,1,1,,,,,,,,,,,1,," ",," ",," ",," ",," ",," ",," ",12,600000,2,2,1,0,0,2,0,,,,,,,,0,,0,,0,,,,,,,,,,,,,,,,7.74793
174,149,3,3,1,1,1,43,9," ",0,,,,0,,,1,1,12,1,1,1,1,,,,,,,,,,,1,," ",," ",," ",," ",," ",," ",," ",7,0,2,2,1,0,1,2,0,,,,,,,,0,,0,,0,,,,,,,,,,,,,,,,11.7204483568075
175,150,3,3,1,1,8,547,1," ",1,5,1,2,0,,,1,0,10,1,2,1,1,,,,,1,,,,,,1,," ",," ",," ",," ",," ",," ",," ",22,55000,2,2,1,0,0,1,1,5,,1,,,,,0,,0,,0,,,,,,,,,,,,,,,,13.050107253886
176,151,3,4,1,1,1,149,1," ",1,2,0,,0,,,1,1,15,1,1,1,1,,,,,,,,,,,1,," ",," ",," ",," ",," ",," ",," ",11,0,1,2,4,0,1,2,0,,,,,,,,0,,0,,1,1,3,1,1,12,0,4,,,,,,,555,8,25.1660547945205
177,152,3,4,2,1,1,151,1," ",1,2,0,,1,0,,0,,10,1,3,10,1,,,,,,,,,,,1,," ",," ",," ",," ",," ",," ",," ",6,1800000,4,4,4,0,0,2,0,,,,,,,,1,1,1,1,0,,,,,,,,,,,,,,,,113.6677875
178,153,3,4,1,1,1,200,1," ",0,,,,1,0,,0,,2,1,1,3,1,,,,,,,,,,,1,," ",," ",," ",," ",," ",," ",," ",2,4500000,4,4,4,1,0,2,1,7,,,,,,555,0,,0,,0,,,,,,,,,,,,,,,,19.7935021276596
179,154,3,4,2,1,1,245,1," ",0,,,,1,0,,0,,5,1,4,7,1,,,,,1,,,,,,1,," ",," ",," ",," ",," ",," ",," ",10,0,4,4,4,0,0,2,1,2,,,1,,,,1,1,1,1,0,,,,,,,,,,,,,,,,91.1654625
180,155,3,4,1,1,1,152,1," ",0,,,,0,,,1,1,1,1,1,1,1,,,,,,,,,,,1,," ",," ",," ",," ",," ",," ",," ",42,0,1,2,4,0,1,3,0,,,,,,,,0,,0,,1,1,2,1,111,12,0,4,1,,,,,,,,24.0643146067416
181,156,3,4,2,1,1,107,1," ",1,2,0,,1,0,,1,0,30,1,1,8,,,,,,1,,,,,,3,," ",," ",," ",," ",," ",," ",," ",,,,,,,,,0,,,,,,,,0,,0,,0,,,,,,,,,,,,,,,,175.267767857143
182,157,3,5,2,1,4,120,1," ",1,2,1,555,1,0,,0,,25,1,2,2,1,,,,,1,,,,,,1,," ",," ",," ",," ",," ",," ",," ",10,100000,3,3,2,0,0,1,1,3,,,,,,555,1,1,1,1,0,,,,,,,,,,,,,,,,166.146574074074
183,158,3,5,2,1,6,182,1," ",1,2,0,,1,0,,1,0,40,1,2,2,1,,,1,1,,,1,,,,1,," ",," ",," ",," ",," ",," ",," ",0,0,2,2,3,0,0,2,1,10,,1,,,,,0,,0,,0,,,,,,,,,,,,,,,,142.1882875
184,159,3,5,2,1,1,157,1," ",1,4,0,,1,0,,0,,15,1,4,3,,,,1,,,1,,,,,3,," ",," ",," ",," ",," ",," ",," ",,,,,,,,,1,20,,1,,,,,1,2,0,,0,,,,,,,,,,,,,,,,132.641397129187
185,160,3,5,1,1,9,254,1," ",1,10,1,2,1,1,0,1,0,2,1,1,1,1,,,,,1,,,,,,1,," ",," ",," ",," ",," ",," ",," ",10,56000,2,2,1,0,0,1,1,50,,1,,,,,1,4,0,,0,,,,,,,,,,,,,,,,6.94327538461538
186,161,3,5,2,1,10,225,1," ",1,2,1,4,1,0,,0,,50,1,1,2,1,,,,,,,1,,,,1,," ",," ",," ",," ",," ",," ",," ",8,15000,4,4,3,0,0,2,1,10,,1,,,,,0,,0,,0,,,,,,,,,,,,,,,,71.7433459770115
187,162,3,6,1,1,1,300,1," ",1,2,0,,1,1,0,1,0,40,1,2,6,1,,,1,1,1,,,,,,1,," ",," ",," ",," ",," ",," ",," ",17,56000,2,2,2,1,0,3,1,8,,,,,,555,0,,0,,0,,,,,,,,,,,,,,,,18.0034357798165
188,163,3,6,2,1,1,189,1," ",1,2,0,,1,1,0,1,0,18,1,4,2,1,,1,1,,1,,,,,,1,," ",," ",," ",," ",," ",," ",," ",40,0,4,4,4,0,0,3,1,1,,1,,,,,0,,1,1,0,,,,,,,,,,,,,,,,130.290494845361
189,164,3,6,1,1,1,284,9," ",1,10,1,555,1,1,1,1,0,4,1,1,1,1,,,,,,,,,,,1,," ",," ",," ",," ",," ",," ",," ",22,20000,2,2,1,1,0,1,0,,,,,,,,0,,0,,1,1,2,1,555,12,1,4,,1,,,,,,,16.2242746478873
190,165,3,6,2,1,1,180,4," ",1,1,1,555,1,0,,1,0,1,1,4,7,1,,1,1,,1,,,,,,1,," ",," ",," ",," ",," ",," ",," ",12,100000,2,3,4,0,0,1,1,1,1,,,,,,0,,1,2,0,,,,,,,,,,,,,,,,118.891666666667
191,166,3,6,1,1,1,217,4," ",1,10,1,5,0,,,1,1,2,1,1,1,1,,1,,,1,,,,,,1,," ",," ",," ",," ",," ",," ",," ",30,56000,2,2,1,0,0,1,1,1,1,,,,,,0,,0,,1,1,4,1,3,12,0,4,,,,,,,555,2,14.223983490566
192,167,3,6,1,1,1,188,1," ",1,4,1,10,0,,,0,,56,1,1,1,1,,1,1,1,1,,,,,,1,," ",," ",," ",," ",," ",," ",," ",30,56000,2,2,1,0,0,1,1,1,,,,1,,,0,,1,2,0,,,,,,,,,,,,,,,,27.7581730263158
193,168,3,6,2,1,1,165,1," ",1,2,0,,1,0,,0,,29,1,4,2,1,,,1,,,,,,,,1,," ",," ",," ",," ",," ",," ",," ",3,0,2,2,4,0,0,1,0,,,,,,,,0,,0,,0,,,,,,,,,,,,,,,,233.912705882353
194,169,3,6,2,1,1,152,1," ",1,4,0,,1,0,,1,0,20,1,3,2,1,,,1,,1,,,,,,1,," ",," ",," ",," ",," ",," ",," ",15,38000,4,4,4,0,0,1,1,1,,,,,,555,0,,0,,0,,,,,,,,,,,,,,,,159.81208
195,170,3,7,2,1,1,256,1," ",1,2,1,10,0,,,1,1,55,1,1,2,1,,1,1,,1,,,,,,1,," ",," ",," ",," ",," ",," ",," ",25,250000,2,3,1,0,0,2,1,20,,1,,1,1,,0,,0,,0,,,,,,,,,,,,,,,,79.1392834437086
196,171,3,7,2,1,1,162,1," ",1,2,0,,0,,,1,0,35,1,2,1,1,,,1,,1,,,,,,1,," ",," ",," ",," ",," ",," ",," ",5,50000,2,2,4,1,0,2,1,1,,1,,,,,0,,0,,0,,,,,,,,,,,,,,,,266.5758
197,172,3,7,2,1,1,136,1," ",1,555,0,,1,1,0,1,0,15,1,4,7,1,,,1,,1,,,,,,1,," ",," ",," ",," ",," ",," ",," ",7,0,2,4,4,1,0,1,1,22,,1,,,1,,0,,0,,0,,,,,,,,,,,,,,,,159.770092307692
198,173,3,7,2,1,1,175,1," ",1,555,0,,1,0,,1,0,25,1,1,1,1,,,1,,1,,,,,,1,," ",," ",," ",," ",," ",," ",," ",6,200000,4,4,4,1,0,1,1,1,,,,1,,,0,,0,,0,,,,,,,,,,,,,,,,134.400469090909
199,174,4,1,2,1,1,108,1," ",0,,,,0,,,1,0,20,1,3,6,,,,,,1,,,,,,1,," ",," ",," ",," ",," ",," ",," ",2,0,4,4,1,0,0,2,0,,,,,,,,0,,0,,0,,,,,,,,,,,,,,,,185.23665
200,175,4,1,2,1,1,360,1," ",1,2,1,5,1,1,0,1,0,36,1,3,5,1,,,1,,1,,,,,,1,," ",," ",," ",," ",," ",," ",," ",24,56000,4,4,1,0,1,2,0,,,,,,,,0,,0,,0,,,,,,,,,,,,,,,,76.3218756302521
201,176,4,1,2,1,1,315,4," ",1,6,1,1,0,,,1,0,30,0,,1,1,,,1,1,1,,,,,,1,," ",," ",," ",," ",," ",," ",," ",4,56000,4,4,2,1,1,1,0,,,,,,,,1,2,0,,0,,,,,,,,,,,,,,,,65.0943448275862
202,177,4,1,1,1,1,271,1," ",1,10,0,,0,,,1,1,13,1,1,6,1,,,,,,,,,,,1,," ",," ",," ",," ",," ",," ",," ",15,0,4,4,1,0,1,2,0,,,,,,,,0,,0,,0,,,,,,,,,,,,,,,,9.64490152671756
203,178,4,1,2,1,1,138,1," ",0,,,,1,0,,0,,20,0,,6,1,,,1,1,,,,,,,1,," ",," ",," ",," ",," ",," ",," ",8,0,4,4,4,0,0,2,0,,,,,,,,0,,0,,0,,,,,,,,,,,,,,,,116.712714285714
204,179,4,2,2,1,1,196,1," ",1,2,0,,1,1,0,1,0,15,0,,6,1,,,1,1,,,,,,,1,," ",," ",," ",," ",," ",," ",," ",2,56000,4,4,2,0,0,1,1,50,,1,,,1,,0,,0,,0,,,,,,,,,,,,,,,,88.2872234042553
205,180,4,2,2,1,1,107,1," ",1,2,0,,1,0,,1,0,10,1,2,2,,,,1,1,,,,,,,3,," ",," ",," ",," ",," ",," ",," ",,,,,,,,,1,50,,1,,,1,,1,1,1,1,0,,,,,,,,,,,,,,,,182.426832
206,181,4,2,2,1,1,148,1," ",1,2,0,,0,,,0,,45,1,1,6,1,,,1,1,,,,,,,1,," ",," ",," ",," ",," ",," ",," ",3,56000,4,4,4,0,0,1,1,7,,1,,,,,0,,0,,0,,,,,,,,,,,,,,,,139.53121875
207,182,4,2,2,1,1,138,1," ",0,,,,1,0,,0,,20,0,,6,1,,,1,1,,,,,,,3,," ",," ",," ",," ",," ",," ",," ",,,,,,,,,0,,,,,,,,0,,0,,0,,,,,,,,,,,,,,,,151.801378881988
208,183,4,2,1,1,1,179,1," ",1,9,0,,1,1,0,1,0,30,1,4,2,1,,,,,,,,,,,1,," ",," ",," ",," ",," ",," ",," ",35,56000,2,2,1,0,1,1,1,20,1,,,,,,1,1,1,1,0,,,,,,,,,,,,,,,,11.9892
209,184,4,3,1,1,1,620,1," ",1,5,1,10,0,,,1,1,5,0,,1,1,,,,1,,,,,,,1,," ",," ",," ",," ",," ",," ",," ",45,5500,2,2,1,0,1,1,1,1,,,,,1,,1,1,0,,0,,,,,,,,,,,,,,,,6.75759981412639
210,185,4,3,2,1,1,420,1," ",1,5,1,4,0,,,1,1,5,0,,1,1,,,,,1,,,,,,1,," ",," ",," ",," ",," ",," ",," ",12,56000,2,2,1,0,1,2,0,,,,,,,,1,1,1,1,0,,,,,,,,,,,,,,,,52.2024086021505
211,186,4,3,1,1,1,311,1," ",1,2,1,4,0,,,1,1,3,0,,1,1,,,,,,,,,,,1,," ",," ",," ",," ",," ",," ",," ",14,56000,2,2,1,0,0,1,0,,,,,,,,1,2,0,,0,,,,,,,,,,,,,,,,15.0635503571429
212,187,4,3,1,1,1,435,1," ",1,4,1,10,0,,,1,1,2,0,,1,1,,,,,,,,,,,1,," ",," ",," ",," ",," ",," ",," ",18,15000,2,2,1,0,0,1,0,,,,,,,,0,,0,,1,1,2,1,3,12,1,4,,,,,,,555,4,6.1324285046729
213,188,4,3,2,1,1,297,1," ",1,2,1,8,0,,,1,1,19,0,,10,1,,,,,,,,,,,1,," ",," ",," ",," ",," ",," ",," ",2,56000,3,4,1,0,0,1,0,,,,,,,,0,,0,,0,,,,,,,,,,,,,,,,80.2201796407186
214,189,4,3,1,1,1,250,1," ",1,555,0,,0,,,1,1,15,1,1,2,1,,,,,,,,,,,1,," ",," ",," ",," ",," ",," ",," ",17,3000000,2,2,2,0,0,1,0,,,,,,,,1,1,0,,1,1,5,1,3,12,0,4,,,,,,,555,14,12.1581888235294
215,190,4,3,1,1,1,647,4," ",1,1,1,2,0,,,1,1,2,0,,2,1,,,,,,,,,,,1,," ",," ",," ",," ",," ",," ",," ",32,20000,2,2,1,0,1,2,0,,,,,,,,0,,0,,1,1,2,1,3,12,1,4,,,,,,,555,5,5.1521799689441
216,191,4,3,1,1,1,220,4," ",1,10,1,5,0,,,1,1,1,1,1,1,1,,,,,,,,,,,1,," ",," ",," ",," ",," ",," ",," ",24,55000,2,2,1,0,0,1,0,,,,,,,,0,,0,,1,1,1,1,3,11,1,4,,,,,,,555,2,10.5304336363636
217,192,4,3,1,1,1,245,4," ",1,10,1,2,0,,,1,1,1,1,1,1,1,,,,,,,,,,,1,," ",," ",," ",," ",," ",," ",," ",46,6000,1,2,1,1,1,1,0,,,,,,,,0,,0,,1,1,4,1,3,12,1,4,1,,,,,,,,5.16715702479339
218,193,4,3,1,1,1,202,10," ",1,4,1,5,0,,,1,1,1,1,1,1,1,,,,,,,,,,,1,," ",," ",," ",," ",," ",," ",," ",61,15000,2,2,1,0,0,1,0,,,,,,,,1,1,1,1,1,1,5,1,3,12,1,4,1,,,1,,,,,12.095536
219,194,4,3,2,1,1,143,1," ",1,2,0,,1,0,,1,0,3,0,,2,1,,,,,,,,,,,3,," ",," ",," ",," ",," ",," ",," ",,,,,,,,,0,,,,,,,,1,1,0,,0,,,,,,,,,,,,,,,,151.93865060241
220,195,4,3,1,1,1,321,1," ",1,2,1,4,0,,,1,0,2,0,,1,1,,,1,1,,,,,,,1,," ",," ",," ",," ",," ",," ",," ",11,56000,2,2,1,0,0,1,0,,,,,,,,0,,0,,0,,,,,,,,,,,,,,,,7.68185333333333
221,196,4,3,1,1,1,203,1," ",1,2,1,9,0,,,0,,12,0,,1,1,,,,1,1,,,,,,1,," ",," ",," ",," ",," ",," ",," ",11,56000,3,3,1,0,0,3,0,,,,,,,,0,,0,,0,,,,,,,,,,,,,,,,15.9206272727273
222,197,4,3,2,1,1,184,1," ",1,2,1,4,1,1,0,1,0,21,0,,9,1,,,,,,,,,,,1,," ",," ",," ",," ",," ",," ",," ",12,54000,2,2,2,0,0,1,0,,,,,,,,1,1,0,,0,,,,,,,,,,,,,,,,102.326509433962
223,198,4,4,2,1,1,97,1," ",1,2,0,,1,0,,1,0,27,1,2,6,1,,,,,,,,,,,1,," ",," ",," ",," ",," ",," ",," ",0,56000,2,2,1,0,0,2,0,,,,,,,,0,,0,,0,,,,,,,,,,,,,,,,325.358129032258
224,199,4,4,1,1,1,154,1," ",1,5,0,,1,1,0,1,1,17,0,,1,1,,,,,,,,,,,1,," ",," ",," ",," ",," ",," ",," ",12,56000,2,2,4,0,0,3,1,1,,,1,,,,0,,0,,0,,,,,,,,,,,,,,,,10.216724137931
225,200,4,4,2,1,1,185,1," ",1,2,0,,1,1,0,1,0,45,0,,1,,,,,,,,,,111,,3,," ",," ",," ",," ",," ",," ",," ",,,,,,,,,0,,,,,,,,1,3,0,,0,,,,,,,,,,,,,,,,90.7926956521739
226,201,4,4,2,1,1,214,1," ",1,2,0,,1,1,0,1,0,15,1,2,2,1,,,1,1,,,,,,,1,," ",," ",," ",," ",," ",," ",," ",42,56000,2,2,2,0,0,1,1,15,,1,,,1,,0,,0,,0,,,,,,,,,,,,,,,,129.102220588235
227,202,4,4,2,1,1,217,1," ",1,2,0,,1,1,0,1,0,75,1,2,2,1,,,1,,,,,,,,1,," ",," ",," ",," ",," ",," ",," ",15,56000,4,4,3,0,0,1,1,1,,1,,,,,0,,0,,0,,,,,,,,,,,,,,,,81.5528605263158
228,203,4,4,2,1,1,170,1," ",1,2,0,,1,1,0,1,0,12,0,,7,1,,,1,1,,,,,,,1,," ",," ",," ",," ",," ",," ",," ",1,56000,2,2,2,1,0,1,1,5,,1,,,,,0,,1,1,0,,,,,,,,,,,,,,,,119.497333333333
229,204,4,5,1,1,1,320,1," ",1,555,1,10,1,0,,1,0,1,1,3,1,1,,,,1,,,,,,,1,," ",," ",," ",," ",," ",," ",," ",22,28000,1,3,2,0,0,1,1,11,,1,,,,,1,1,0,,0,,,,,,,,,,,,,,,,8.65588105263158
231,205,4,5,2,1,1,283,1," ",1,2,1,4,1,1,0,1,0,80,0,,5,1,,,1,1,1,,,,,,1,," ",," ",," ",," ",," ",," ",," ",3,56000,4,4,3,0,0,1,1,15,,1,,,,,1,1,0,,0,,,,,,,,,,,,,,,,73.3824504504504
234,206,4,5,2,1,1,243,1," ",1,2,1,4,1,0,,1,0,30,0,,8,,,,,1,,,,,,,1,," ",," ",," ",," ",," ",," ",," ",8,56000,4,4,2,0,0,1,1,20,,1,,,,,0,,0,,0,,,,,,,,,,,,,,,,76.9769217391304
235,207,4,5,2,1,1,156,1," ",1,2,1,4,0,,,1,0,4,1,1,1,1,,,,,,,,,,,1,," ",," ",," ",," ",," ",," ",," ",12,56000,3,3,3,0,0,1,1,10,,1,,,,,0,,1,1,0,,,,,,,,,,,,,,,,190.598447368421
236,208,4,5,2,1,1,192,1," ",1,2,1,5,0,,,1,0,20,1,2,1,1,,,,,,,,,,,1,," ",," ",," ",," ",," ",," ",," ",12,56000,2,2,2,0,0,1,0,,,,,,,,0,,0,,0,,,,,,,,,,,,,,,,93.4768661971831
237,209,5,1,2,1,1,256,1," ",1,4,1,3,1,0,,1,0,15,0,,9,1,,,,,,,,,,,1,," ",," ",," ",," ",," ",," ",," ",3,0,4,4,1,0,1,2,0,,,,,,,,0,,1,2,0,,,,,,,,,,,,,,,,75.9446417910448
238,210,5,1,1,1,1,136,1," ",1,4,0,,1,1,0,1,0,18,1,4,1,1,,,,,,,,,,,1,," ",," ",," ",," ",," ",," ",," ",17,0,2,2,1,0,1,2,1,20,,,1,,,,1,3,1,2,0,,,,,,,,,,,,,,,,20.0439647058824
239,211,5,1,1,1,1,561,4," ",1,9,0,,0,,,1,1,1,0,,1,1,,,,1,1,,,,,,1,," ",," ",," ",," ",," ",," ",," ",25,55000,2,2,1,0,0,2,1,2,,1,,,,,0,,1,1,1,1,5,1,3,12,0,4,,,,,,,555,11,4.94822621359223
240,212,5,1,1,1,1,197,1," ",0,,,,0,,,1,0,4,1,1,1,1,,,,1,,,,,,,1,," ",," ",," ",," ",," ",," ",," ",12,55000,2,2,1,1,0,1,0,,,,,,,,1,1,1,1,1,1,2,1,3,12,1,4,,,,,,,555,2,14.4773126760563
241,213,5,1,2,1,1,178,1," ",1,2,1,4,1,0,,1,0,2,1,1,1,1,,,,,,,,,,,1,," ",," ",," ",," ",," ",," ",," ",6,0,2,2,4,0,1,1,1,25,,,1,,,,1,4,1,2,0,,,,,,,,,,,,,,,,119.70275862069
242,214,5,1,2,1,1,162,1," ",0,,,,1,1,0,1,0,8,1,2,2,1,,,,,,,,,,,1,," ",," ",," ",," ",," ",," ",," ",8,3700000,4,4,4,1,0,2,0,,,,,,,,1,1,1,1,0,,,,,,,,,,,,,,,,110.882382978723
243,215,5,2,2,1,1,249,1," ",1,4,1,2,0,,,1,0,38,1,1,1,1,,,1,1,1,,,,,,1,," ",," ",," ",," ",," ",," ",," ",10,56000,4,4,3,0,1,1,1,1,,1,,,,,1,1,1,1,0,,,,,,,,,,,,,,,,119.53393373494
244,216,5,2,2,1,1,492,1," ",1,2,0,,1,1,0,1,0,50,0,,9,,,,1,1,1,,,,,,3,," ",," ",," ",," ",," ",," ",," ",,,,,,,,,0,,,,,,,,1,2,1,2,0,,,,,,,,,,,,,,,,50.6682119205298
245,217,5,2,1,1,1,300,1," ",1,2,0,,0,,,1,1,42,1,4,1,1,,,,1,1,,,,,,1,," ",," ",," ",," ",," ",," ",," ",19,56000,2,2,1,0,0,1,0,,,,,,,,0,,0,,0,,,,,,,,,,,,,,,,15.1000164383562
246,218,5,2,2,1,1,115,1," ",0,,,,0,,,1,1,25,1,2,8,1,,,1,1,1,,,,,,1,," ",," ",," ",," ",," ",," ",," ",13,58000,2,2,1,0,1,1,1,5,,,,1,1,,0,,0,,0,,,,,,,,,,,,,,,,235.364968421053
247,219,5,2,1,1,1,457,1," ",1,2,1,4,1,1,1,1,1,4,1,1,1,1,,,1,1,1,,,,,,1,," ",," ",," ",," ",," ",," ",," ",25,56000,2,2,2,0,0,1,1,10,,1,,,,,1,1,1,2,1,1,2,1,1,12,1,4,,,,,,,555,2,5.48210979228487
248,220,5,2,2,1,1,275,1," ",1,2,0,,1,1,0,1,0,15,0,,9,1,,,1,1,1,,,,,,1,," ",," ",," ",," ",," ",," ",," ",9,56000,4,4,4,1,0,1,1,15,,1,,1,,,0,,0,,0,,,,,,,,,,,,,,,,117.7655625
249,221,5,2,1,1,1,250,4," ",1,10,1,1,0,,,1,1,1,1,1,1,1,,1,1,1,1,,,,,,1,," ",," ",," ",," ",," ",," ",," ",21,18000,1,1,1,0,1,2,1,3,1,,,,,,1,1,1,1,1,1,5,1,1,12,0,4,,,,,,,555,16,8.0922816
250,222,5,2,2,1,1,265,1," ",0,,,,0,,,1,0,20,1,1,7,,,,,,1,,,,,,3,," ",," ",," ",," ",," ",," ",," ",,,,,,,,,1,70,,,,1,,,1,2,1,3,0,,,,,,,,,,,,,,,,61.0949142857143
251,223,5,2,1,1,1,200,1," ",1,2,0,,1,0,,1,1,30,1,4,2,1,,,1,1,1,,,,,,3,," ",," ",," ",," ",," ",," ",," ",,,,,,,,,1,80,,1,1,1,,,1,1,1,1,0,,,,,,,,,,,,,,,,8.45871833333333
252,224,5,2,1,1,1,220,1," ",1,2,1,4,0,,,1,1,6,1,1,8,1,,,1,1,1,,,,,,1,," ",," ",," ",," ",," ",," ",," ",8,68000,2,2,4,0,1,1,1,40,,1,,,,,0,,0,,1,1,2,1,1,12,1,4,,,1,,,,,,8.83617364864865
255,225,5,3,2,1,1,225,1," ",1,2,0,,0,,,1,0,15,1,1,1,1,,,1,1,,,,,,,1,," ",," ",," ",," ",," ",," ",," ",10,58000,3,3,4,0,0,1,1,1,,,,1,,,0,,0,,0,,,,,,,,,,,,,,,,5.61932387096774
256,226,5,3,2,1,1,240,4," ",1,1,1,2,0,,,1,0,17,1,1,1,1,,,1,1,1,,,,,,1,," ",," ",," ",," ",," ",," ",," ",10,56000,2,2,2,0,0,1,1,20,,,1,1,,,1,3,1,3,0,,,,,,,,,,,,,,,,6.850405
257,227,5,3,2,1,3,155,1," ",1,2,1,4,0,,,1,1,25,0,,1,1,,,1,1,1,,,,,,1,," ",," ",," ",," ",," ",," ",," ",10,58000,3,3,2,0,0,1,1,19,,,1,1,,,1,1,1,1,0,,,,,,,,,,,,,,,,10.336208
258,228,5,3,2,1,1,146,1," ",0,,,,0,,,1,0,3,1,2,2,1,,,,,,,,,,,1,," ",," ",," ",," ",," ",," ",," ",12,56000,2,2,1,0,1,1,1,1,,1,,,,,1,1,1,1,0,,,,,,,,,,,,,,,,137.657460869565
259,229,5,3,2,1,2,200,1," ",1,2,0,,1,0,,1,0,13,0,,6,,,,1,1,1,,,,,,3,," ",," ",," ",," ",," ",," ",," ",,,,,,,,,1,5,,,1,1,,,0,,0,,0,,,,,,,,,,,,,,,,8.26972446043165
260,230,5,3,2,1,1,249,1," ",1,2,0,,1,0,,1,0,12,1,1,7,1,,,,1,1,1,,,,,1,," ",," ",," ",," ",," ",," ",," ",5,0,4,4,4,1,0,2,1,7,,,1,1,,,0,,0,,0,,,,,,,,,,,,,,,,5.48211779359431
261,231,5,3,2,1,2,720,1," ",1,2,1,4,0,,,1,0,20,1,2,1,1,,,1,1,,,,,,,1,," ",," ",," ",," ",," ",," ",," ",12,50000,4,4,4,0,0,2,1,33,,,1,1,1,,0,,0,,0,,,,,,,,,,,,,,,,1.95926893617021
262,232,5,3,2,1,1,158,1," ",1,2,0,,1,0,,1,0,20,0,,6,,,,1,1,1,,,,,,3,," ",," ",," ",," ",," ",," ",," ",,,,,,,,,0,,,,,,,,1,1,1,1,0,,,,,,,,,,,,,,,,7.84644511904762
263,233,5,3,2,1,1,99,1," ",0,,,,0,,,1,0,22,1,1,3,,,,1,1,1,1,,,,,3,," ",," ",," ",," ",," ",," ",," ",,,,,,,,,0,,,,,,,,1,1,1,1,0,,,,,,,,,,,,,,,,13.49487
264,234,5,3,1,1,3,315,1," ",1,2,1,4,0,,,1,0,25,0,,4,1,,,1,1,1,,,,,,1,," ",," ",," ",," ",," ",," ",," ",10,56000,1,2,1,0,0,1,1,1,,,1,1,,,0,,0,,0,,,,,,,,,,,,,,,,12.3318692307692
265,235,5,3,2,1,2,267,1," ",1,2,1,4,1,0,,1,0,16,0,,2,,,,1,1,,,,,,,1,," ",," ",," ",," ",," ",," ",," ",10,58000,4,4,4,0,1,2,1,2,,,1,1,,,0,,0,,0,,,,,,,,,,,,,,,,90.9270416666667
266,236,5,3,2,1,1,223,1," ",1,2,1,4,0,,,1,1,44,1,2,1,1,,,1,1,1,,,,,,1,," ",," ",," ",," ",," ",," ",," ",1,0,4,4,4,1,0,2,1,25,,,1,1,,,0,,0,,0,,,,,,,,,,,,,,,,115.230054545455
267,237,5,3,1,1,1,104,4," ",0,,,,0,,,1,0,25,1,1,1,1,,,,,,,,,,,1,," ",," ",," ",," ",," ",," ",," ",7,40000,2,2,2,0,1,1,0,,,,,,,,0,,0,,0,,,,,,,,,,,,,,,,31.9791152777778
268,238,5,3,1,1,2,212,5," ",1,1,1,4,0,,,1,1,24,0,,1,1,,,,,,,,,,,1,," ",," ",," ",," ",," ",," ",," ",10,30000,2,2,1,0,1,1,1,1,,,1,,,,0,,1,1,0,,,,,,,,,,,,,,,,6.19307276595745
269,239,5,3,2,1,1,163,1," ",1,2,1,4,0,,,1,0,25,1,1,6,,,,,,,,,,111,,3,," ",," ",," ",," ",," ",," ",," ",,,,,,,,,1,7,,,,1,,,1,555,1,555,0,,,,,,,,,,,,,,,,7.10105867403315
270,240,5,3,2,1,2,117,1," ",1,2,1,4,1,0,,1,1,41,1,2,7,1,,,1,1,1,,,,,,1,," ",," ",," ",," ",," ",," ",," ",10,76000,2,2,4,0,1,1,1,1,,,1,1,,,0,,0,,0,,,,,,,,,,,,,,,,10.5218458333333
271,241,5,3,2,1,1,353,1," ",1,2,1,4,0,,,1,1,12,1,1,1,1,,,1,1,1,,,,,,1,," ",," ",," ",," ",," ",," ",," ",6,56000,1,2,1,0,1,1,1,1,1,,1,,,,1,3,1,3,0,,,,,,,,,,,,,,,,61.146402640264
280,242,5,4,2,1,1,255,9," ",1,1,1,2,1,0,,1,0,13,1,1,3,1,,,,1,,,,,,,1,," ",," ",," ",," ",," ",," ",," ",10,56000,2,2,4,1,1,1,0,,,,,,,,1,1,1,1,0,,,,,,,,,,,,,,,,83.807
281,243,5,4,1,1,1,367,4," ",1,1,1,9,0,,,1,1,40,1,1,1,1,,,1,1,1,,,,,,1,," ",," ",," ",," ",," ",," ",," ",15,50000,2,2,1,1,1,1,0,,,,,,,,0,,0,,0,,,,,,,,,,,,,,,,9.17697944785276
282,244,5,4,1,1,1,300,1," ",1,10,1,4,1,1,0,1,0,1,0,,1,1,,,1,,1,,,,,,1,," ",," ",," ",," ",," ",," ",," ",6,56000,2,2,1,0,1,1,0,,,,,,,,0,,0,,0,,,,,,,,,,,,,,,,9.30882887323944
283,245,5,4,1,1,1,320,1," ",1,2,0,,1,0,,1,0,5,0,,1,1,,,1,1,,,,,,,1,," ",," ",," ",," ",," ",," ",," ",20,56000,2,2,2,0,1,1,0,,,,,,,,0,,0,,0,,,,,,,,,,,,,,,,13.2456640127389
284,246,5,4,2,1,1,415,1," ",1,9,0,,1,0,,1,0,2,0,,3,1,,,1,,1,,,,,,1,," ",," ",," ",," ",," ",," ",," ",3,56000,2,2,4,0,1,1,0,,,,,,,,0,,0,,0,,,,,,,,,,,,,,,,21.25921875
285,247,5,4,2,1,1,256,1," ",1,4,0,,1,0,,1,0,11,0,,3,1,,,,1,1,,,,,,1,," ",," ",," ",," ",," ",," ",," ",3,56000,2,2,4,0,0,1,0,,,,,,,,0,,0,,0,,,,,,,,,,,,,,,,79.18262625
286,248,5,4,2,1,1,160,1," ",1,9,0,,1,0,,1,0,22,1,1,3,,,,1,1,1,,,,,,3,," ",," ",," ",," ",," ",," ",," ",,,,,,,,,0,,,,,,,,0,,0,,0,,,,,,,,,,,,,,,,133.014805369128
287,249,5,5,2,1,1,158,1," ",1,2,1,9,1,0,,1,0,10,1,2,1,1,,,1,1,1,,,,,,1,," ",," ",," ",," ",," ",," ",," ",3,56000,2,2,4,0,0,1,0,,,,,,,,0,,0,,0,,,,,,,,,,,,,,,,121.134436090226
288,250,5,5,1,1,1,258,1," ",1,9,0,,0,,,1,1,2,1,1,1,1,,,1,,1,,,,,,1,," ",," ",," ",," ",," ",," ",," ",4,56000,2,2,1,1,1,1,0,,,,,,,,0,,0,,0,,,,,,,,,,,,,,,,9.34212658227848
289,251,5,5,2,1,1,149,1," ",1,2,1,9,0,,,1,0,4,1,2,3,1,,,,1,1,,,,,,1,," ",," ",," ",," ",," ",," ",," ",1,56000,4,4,4,0,0,1,0,,,,,,,,0,,0,,0,,,,,,,,,,,,,,,,160.181593984962
290,252,5,5,2,1,1,117,1," ",1,2,1,9,1,0,,1,0,22,1,4,2,1,,,1,1,,,,,,,1,," ",," ",," ",," ",," ",," ",," ",3,56000,2,2,4,0,1,1,0,,,,,,,,0,,0,,0,,,,,,,,,,,,,,,,6.41137191489362
291,253,5,5,2,1,1,222,1," ",1,2,1,4,1,0,,1,0,20,1,4,1,1,,,,,1,,,,,,1,," ",," ",," ",," ",," ",," ",," ",3,0,4,3,4,1,0,3,0,,,,,,,,0,,1,1,0,,,,,,,,,,,,,,,,5.14883130434783
292,254,5,5,2,1,1,109,1," ",1,2,1,4,1,1,0,1,0,20,1,2,1,1,,,,,,,,,,,1,," ",," ",," ",," ",," ",," ",," ",4,0,1,1,1,0,1,2,0,,,,,,,,0,,1,1,0,,,,,,,,,,,,,,,,4.10791541284404
293,255,5,5,2,1,1,102,1," ",1,2,1,4,1,0,,1,0,25,1,1,1,1,,,,,1,,,,,,1,," ",," ",," ",," ",," ",," ",," ",4,0,2,2,2,1,0,2,0,,,,,,,,1,1,1,1,0,,,,,,,,,,,,,,,,6.88020618556701
294,256,5,5,2,1,1,134,1," ",1,4,1,2,1,0,,1,0,20,1,4,6,1,,,,,1,,,,,,1,," ",," ",," ",," ",," ",," ",," ",1,0,2,2,4,1,0,2,1,20,,,,1,,,0,,0,,0,,,,,,,,,,,,,,,,195.606
295,257,5,5,2,1,1,137,1," ",1,10,1,4,1,1,0,1,0,16,1,2,1,1,,,,,,,,,,,1,," ",," ",," ",," ",," ",," ",," ",3,0,2,2,2,1,0,1,0,,,,,,,,0,,1,1,0,,,,,,,,,,,,,,,,5.47658758928572
296,258,5,5,2,1,1,100,1," ",1,4,1,10,1,0,,1,0,18,1,3,1,1,,,,,1,,,,,,1,," ",," ",," ",," ",," ",," ",," ",3,0,2,2,4,1,1,1,1,8,,,1,,,,1,1,1,1,0,,,,,,,,,,,,,,,,7.95912688172043
297,259,5,5,2,1,1,368,1," ",1,4,1,10,1,1,0,1,0,15,0,,1,1,,,,,1,,,,,,1,," ",," ",," ",," ",," ",," ",," ",11,56000,3,3,4,0,1,2,0,,,,,,,,0,,0,,0,,,,,,,,,,,,,,,,2.34540276243094
298,260,5,5,2,1,1,52,1," ",1,10,0,,1,0,,1,0,14,1,1,1,1,,,,,1,,,,,,1,," ",," ",," ",," ",," ",," ",," ",10,56000,2,2,4,0,0,1,0,,,,,,,,0,,0,,0,,,,,,,,,,,,,,,,421.347619047619
308,261,5,6,2,1,1,365,1," ",1,2,0,,1,0,,1,0,25,1,3,3,,,,1,,1,,,,,,3,," ",," ",," ",," ",," ",," ",," ",,,,,,,,,0,,,,,,,,0,,0,,0,,,,,,,,,,,,,,,,65.4211258741259
309,262,5,6,1,1,1,235,1," ",1,9,1,10,0,,,1,1,1,1,1,1,1,,,,1,1,,,,,,1,," ",," ",," ",," ",," ",," ",," ",1,56000,2,2,1,0,0,1,0,,,,,,,,0,,0,,0,,,,,,,,,,,,,,,,11.2610976744186
310,263,5,6,2,1,1,85,1," ",1,2,0,,1,0,,1,0,30,0,,4,1,,,1,1,1,,,,,,1,," ",," ",," ",," ",," ",," ",," ",3,56000,4,4,4,0,0,1,1,10,1,,1,1,,,0,,0,,0,,,,,,,,,,,,,,,,265.9455
311,264,5,6,2,1,1,251,1," ",1,2,1,4,1,1,0,1,1,56,0,,1,1,,,1,1,1,,,,,,3,," ",," ",," ",," ",," ",," ",," ",,,,,,,,,1,50,1,,,,,,1,1,1,1,0,,,,,,,,,,,,,,,,110.668164383562
312,265,5,6,2,1,1,140,1," ",1,9,1,2,1,1,0,1,0,25,1,4,3,1,,,1,1,1,,,,,,3,," ",," ",," ",," ",," ",," ",," ",,,,,,,,,0,,,,,,,,0,,0,,0,,,,,,,,,,,,,,,,188.315441860465
313,266,5,7,1,1,1,144,1," ",1,2,1,3,0,,,1,0,26,1,2,1,1,,,,,,,,,,,1,," ",," ",," ",," ",," ",," ",," ",10,0,1,2,1,0,0,1,0,,,,,,,,1,1,1,1,0,,,,,,,,,,,,,,,,16.9766382352941
314,267,5,7,2,1,1,224,1," ",1,3,0,,1,1,0,1,0,29,0,,9,1,,,,,1,,,,,,1,," ",," ",," ",," ",," ",," ",," ",5,0,1,2,4,0,0,1,1,20,,1,,,,,0,,0,,0,,,,,,,,,,,,,,,,121.421042553191
315,268,5,7,2,1,1,161,1," ",0,,,,1,1,0,1,0,16,0,,7,1,,,,,,,,,,,1,," ",," ",," ",," ",," ",," ",," ",10,56000,4,4,4,1,1,1,1,5,,,,1,,,1,1,1,3,0,,,,,,,,,,,,,,,,161.408918918919
316,269,5,7,2,1,1,196,1," ",1,2,1,4,1,1,0,1,0,8,1,4,1,1,,,1,1,1,,,,,,1,," ",," ",," ",," ",," ",," ",," ",4,56000,4,4,1,1,1,2,0,,,,,,,,0,,0,,0,,,,,,,,,,,,,,,,140.077125
317,270,5,7,1,1,1,167,4," ",1,1,1,5,1,1,1,1,1,2,0,,1,1,,,,,,,,,,,1,," ",," ",," ",," ",," ",," ",," ",13,10000,1,1,1,0,1,1,0,,,,,,,,0,,0,,1,1,2,1,3,12,0,4,,,,,,,555,8,10.6805162650602
318,271,5,7,1,1,1,390,4," ",1,10,0,,0,,,1,0,1,1,1,1,1,,,,,,,,,,,1,," ",," ",," ",," ",," ",," ",," ",12,56000,1,2,1,0,1,2,0,,,,,,,,0,,1,1,1,1,2,1,3,12,0,4,,,,,,,555,7,14.9964432926829
319,272,5,7,2,1,1,296,1," ",1,2,1,4,0,,,1,0,20,1,1,9,1,,,,,,,,,,,1,," ",," ",," ",," ",," ",," ",," ",6,0,1,1,1,1,0,1,0,,,,,,,,0,,0,,0,,,,,,,,,,,,,,,,156.04722972973
