"Cluster","ED_ID","CI01","CI02","CI06","CI07","CI08","QE_B04","QE_B05","QE_B06","QE_B07","QE_B08","QE_B11","QE_B11_OTHER","QE_B12","QE_B13","QE_B13A","QE_B14A","QE_B14B","QE_B15A","QE_B15B","QE_B16","QE_B17","QE_B17_OTHER","QE_B18","QE_B18_OTHER","QE_B19","QE_B20","QE_B21","QE_B22","QE_B23","QE_B24A","QE_B24B","QE_B25","QE_B26","QE_B27A","QE_B27A_OTHER","QE_B27B","QE_B28","QE_B28_OTHER","QE_B29","QE_B30A","QE_B30B","QE_B31","QE_B32_1","QE_B32_2","QE_B32_3","QE_B33","QE_B34_1","QE_B34_2","QE_B34_3","QE_B34_4","QE_B35","QE_B36","QE_B37","QE_B38","QE_B39","QE_B40","QE_B40_OTHER","QE_B41","QE_B42","QE_B43","QE_B43_OTHER","QE_B44","QE_B45","QE_B46","QE_B46_OTHER","QE_B47","QE_B48","QE_B48_OTHER","QE_B49","QE_B50","QE_B51A","QE_B51B","QE_B51B_OTHER","QE_B52","QE_B53","QE_B54","QE_B55","QE_B56","QE_B57","QE_B58","QE_B58_OTHER","QE_B59","QE_B59_OTHER","QE_B60A","QE_B60B","QE_B60C","QE_B61A","QE_B61B","QE_B61C","QE_B62A","QE_B62B","QE_B62C","QE_B63A","QE_B63B","QE_B63C","QE_B64A","QE_B64B","QE_B64C","QE_B65A","QE_B65B","QE_B65C","QE_B66A","QE_B66B","QE_B66C","QE_B67A","QE_B67B","QE_B67C","QE_B68A","QE_B68B","QE_B68C","QE_B69A","QE_B69B","QE_B69C","QE_B70A","QE_B70B","QE_B70C","QE_B71A","QE_B71B","QE_B71C","QE_B72A","QE_B72B","QE_B72C","QE_B73A","QE_B73B","QE_B73C","QE_B74A","QE_B74B","QE_B74C","QE_B75A","QE_B75B","QE_B75C","QE_B76A","QE_B76B","QE_B76C","QE_B77A","QE_B77B","QE_B77C","QE_B78A","QE_B78B","QE_B78C","QE_B79_01","QE_B79_02","QE_B79_03","QE_B79_04","QE_B79_05","QE_B79_06","QE_B79_07","QE_B79_08","QE_B79_09","QE_B79_10","QE_B79_11","QE_B79_12","QE_B79_13","QE_B79_14","QE_B79_15","QE_B79_16","QE_B79_17","QE_B79_18","QE_B79_19","QE_B80","QE_B80_OTHER","QE_B81","QE_C01","QE_C02","QE_C03","QE_C04","QE_C05","QE_C06","QE_C06_1","QE_C06_2","QE_C06_3","QE_C06_4","QE_C06_5","QE_C06_6","QE_C06_7","QE_C06_8","QE_C10","QE_C11_1","QE_C11_2","QE_C11_3","QE_C11_4","QE_C11_5","QE_C11_6","QE_C11_7","QE_C11_OTHER","QE_C12_1","QE_C12_2","QE_C12_3","QE_C12_4","QE_C12_5","QE_C12_6","QE_C12_7","QE_C12_OTHER","QE_C12A","QE_C12B","QE_C13","QE_C13_OTHER","QE_C14","QE_C14_OTHER","QE_C15A","QE_C15B","QE_C16A","QE_C16B","QE_C17A","QE_C17A_UNITY","QE_C17B","QE_C17B_UNITY","QE_C18A","QE_C18B","QE_C19","QE_C20A","QE_C20B","QE_C20C","QE_C21","QE_C22","QE_C23","QE_C24","QE_C25","QE_C26","QE_C27_01","QE_C27_02","QE_C27_03","QE_C27_04","QE_C27_05","QE_C27_06","QE_C27_07","QE_C27_08","QE_C27_09","QE_C27_10","QE_C27_11","QE_C27_12","QE_C28","QE_C29","QE_C30","QE_C31","QE_C32_1","QE_C32_2","QE_C32_3","QE_C32_4","QE_C32_5","QE_C32_6","Basicweight"
2,1,1,1,2,2,1,2,6,1,1,7,4," ",54,1595,9,"6h00","17h00","888","888",1,,,1," ",24,1,2,1,1,2,120,1,0,1," ",100000,1," ",20000,273,1,1,,,,,,,,,,,,,,," ",,,," ",,,," ",,," ",,,1,1," ",0,0,,,,0,," ",2," ",0,,,0,,,0,,,0,,,1,1,1,1,279,1,1,1,0,1,1,0,0,,,0,,,0,,,0,,,0,,,0,,,0,,,0,,,1,8,0,0,,,0,,,,,,,1,1,,,,,,,,,,,,,,2," ",1,1,2,1595,1,2,"B",,1,,,,,,,6,,,,,,1,," ",1,,,,,,," ",1,1,1," ",888," ",1,,1,,38,4,,,380000,,2,120,360,90,2,1,4,1,2,2,,,1,1,,,,,,,,,2,4,,888,,,1,1,,,33.29115
3,2,1,1,2,2,1,1,4,6,1,1,555,"Nursery School",3,20,9,"7h30","17h30","888","888",1,,,1," ",12,0,,1,0,,,,0,1," ",7000,1," ",7000,200,1,0,,,,,,,,,,,,,,," ",,,," ",,,," ",,," ",,,0,5," ",0,0,,,,0,," ",2," ",1,4,0,1,1,0,0,,,0,,,0,,,0,,,0,,,0,,,0,,,0,,,0,,,0,,,0,,,0,,,0,,,0,,,0,,,0,,,0,,,,,,,,,,,,,,,,,,,,,,," ",,0,,,,," ",,,,,,,,,,,,,,,,," ",,,,,,,," ",,,," ",," ",,,,,,,,,,,,,,,,,,,,,,,,,,,,,,,,,,,,,,,,,,,65.275125
4,3,1,1,1,2,9,1,6,4,1,15,1," ",23,660,12,"6h00","17h00","888","888",1,,,1," ",12,1,1,1,0,,,,0,1," ",1125556,2," ",30000,284,1,1,,,,,,,,,,,,,,," ",,,," ",,,," ",,," ",,,0,1," ",0,0,,,,0,," ",7," ",0,,,1,7,0,1,30,0,0,,,1,1,0,1,109,0,1,1,0,1,1,0,0,,,0,,,0,,,0,,,0,,,1,3,0,0,,,0,,,0,,,0,,,0,,,,,,,,,,,,,,,,,,,,,,," ",,1,1,529,1,2,"B",,1,,,,,,,5,,,,1,1,1,," ",1,,,,,,," ",1,1,1," ",888," ",1,,2,,4,4,,,52000,,1,0,300,0,2,1,1,1,3,2,,,1,1,,,,,,,,,888,1,,111,1,1,,1,,,32.3729260273973
5,4,1,1,1,2,1,2,6,3,555,2,1," ",32,360,9,"6h30","16h00","888","888",1,,,1," ",12,0,,1,0,,,,0,1," ",888,2," ",888,888,1,0,,,,,,,,,,,,,,," ",,,," ",,,," ",,," ",,,0,1," ",0,0,,,,0,," ",7," ",0,,,0,,,1,32,0,1,1,0,0,,,1,2,0,1,1,0,1,1,0,0,,,0,,,0,,,0,,,0,,,0,,,0,,,0,,,0,,,0,,,0,,,,,,,,,,,,,,,,,,,,,,," ",,1,1,360,1,1,"B",,1,,,,,,,3,1,,,,,,," ",1,,,,,,," ",1,1,1," ",888," ",1,,2,,3,4,,,33000,,1,0,888,0,1,1,2,1,3,2,,,1,1,,,,,,1,1,,1,1,,888,,,,,1,,10.1755732217573
7,5,1,1,1,2,3,2,4,6,3,5,1," ",87,2283,12,"7h00","17h00","888","888",1,,,1," ",24,1,2,1,1,0,30,2,0,1," ",100000,2," ",1000000,255,1,0,,,,,,,,,,,,,,," ",,,," ",,,," ",,," ",,,0,1," ",0,0,,,,0,," ",2," ",0,,,0,,,1,50,0,0,,,0,,,1,50,1,1,2,1,1,2,0,1,3,0,0,,,0,,,0,,,0,,,1,70,0,0,,,0,,,1,8,0,0,,,0,,,,,,,,1,1,,,,,,,,,,,,,555,"No user",1,1,1,2230,1,2,"B",,1,,,,,,,6,,,,,,1,," ",1,,,,,,," ",1,1,1," ",888," ",1,,1,,28,4,,,364000,,2,0,240,0,2,1,6,1,2,2,,,1,1,,,,,,,,,4,1,,888,,,,,1,,22.7114407894737
8,6,1,1,1,2,1,2,4,6,3,3,1," ",5,30,9,"7h00","12h00","888","888",1,,,1," ",24,0,,1,0,,,,0,1," ",310000,1," ",310000,255,1,0,,,,,,,,,,,,,,," ",,,," ",,,," ",,," ",,,1,1," ",0,0,,,,0,," ",7," ",1,7,1,0,,,0,,,0,,,0,,,0,,,0,,,0,,,0,,,0,,,0,,,0,,,0,,,1,5,0,0,,,0,,,0,,,0,,,0,,,1,,,,,,,,,,,,,,,,,,,2," ",1,0,,,,," ",,,,,,,,,,,,,,,,," ",,,,,,,," ",,,," ",," ",,,,,,,,,,,,,,,,,,,,,,,,,,,,,,,,,,,,,,,,,,,28.8663050239234
9,7,1,1,1,2,1,2,6,4,3,6,2," ",84,994,10,"7h50","12h30","13h00","16h30",1,,,1," ",24,0,,1,0,,,,0,1," ",500000,1," ",600000,255,1,0,,,,,,,,,,,,,,," ",,,," ",,,," ",,," ",,,0,1," ",0,0,,,,1,3," ",5," ",0,,,1,60,0,1,80,0,0,,,1,2,0,1,80,0,1,2,0,1,10,0,0,,,0,,,0,,,1,2,0,0,,,1,20,0,0,,,1,22,0,1,5,0,1,2,0,1,2,0,,,,,,,,,,,,,,,,,,,,," ",,1,3,994,2,2,"A",1,,,,,,,,4,,,,,,1,," ",1,,,,,,," ",1,1,1," ",888," ",1,,1,,42,4,,,462000,,2,120,180,180,2,1,8,1,2,1,,,,,,,,,,,,,888,2,,888,,,1,1,,,19.4070469002695
10,8,1,1,1,2,1,2,6,3,4,28,3," ",15,120,12,"8h00","12h00","14h00","20h00",1,,,1," ",24,0,,1,1,1,60,888,0,1," ",200000,1," ",15000,888,1,0,,,,,,,,,,,,,,," ",,,," ",,,," ",,," ",,,0,5," ",0,0,,,,0,," ",7," ",0,,,1,5,0,0,,,0,,,0,,,1,8,0,1,1,0,1,1,0,0,,,0,,,0,,,1,2,0,0,,,1,10,0,0,,,0,,,1,1,0,0,,,0,,,,,,,,,,,,,,,,,,,,,,," ",,0,,,,," ",,,,,,,,,,,,,,,,," ",,,,,,,," ",,,," ",," ",,,,,,,,,,,,,,,,,,,,,,,,,,,,,,,,,,,,,,,,,,,45.3452229357798
11,9,1,1,1,2,1,2,6,2,4,2,1," ",45,300,9,"7h00","17h00","888","888",1,,,1," ",12,0,,1,1,1,60,2,0,1," ",888,1," ",10000,888,1,0,,,,,,,,,,,,,,," ",,,," ",,,," ",,," ",,,0,5," ",0,0,,,,0,," ",7," ",0,,,0,,,0,,,1,20,0,0,,,1,5,0,1,1,0,0,,,0,,,0,,,0,,,0,,,0,,,1,6,0,0,,,0,,,0,,,0,,,0,,,,,,,,,,,,,,,,,,,,,,," ",,1,1,300,1,1,"A",1,,,,,,,,5,,1,,,,,," ",1,,,,,,," ",1,1,1," ",888," ",1,,1,,5,4,,,55000,,2,0,300,0,1,1,3,1,1,1,,,,,,,,,,,,,888,1,,888,,,1,,,,24.2731346260388
12,10,1,2,2,2,1,1,4,6,2,1,1," ",15,164,9,"7h20","13h30","888","888",1,,,1," ",24,0,,1,0,,,,0,1," ",1000000,1," ",5000,255,1,0,,,,,,,,,,,,,,," ",,,," ",,,," ",,," ",,,0,1," ",0,0,,,,0,," ",7," ",1,19,1,0,,,0,,,0,,,0,,,1,1,0,1,1,0,1,1,0,0,,,0,,,0,,,0,,,0,,,1,2,0,0,,,0,,,0,,,0,,,0,,,1,,,,,,,,,,,,,,,,,,,3," ",,1,1,164,1,1,"A",1,,,,,,,,2,,1,,,,,," ",1,,,,,,," ",1,1,1," ",888," ",1,,1,,2,4,,,20000,,2,0,240,0,2,1,2,2,1,1,,,,,,,,,,,,,888,555,,888,,1,,1,,,30.805986784141
13,11,1,2,2,2,1,2,6,4,1,4,1," ",39,2134,9,"7h00","17h00","888","888",1,,,1," ",24,0,,1,0,,,,0,1," ",20000,1," ",20000,255,1,0,,,,,,,,,,,,,,," ",,,," ",,,," ",,," ",,,0,1," ",0,0,,,,0,," ",1," ",1,22,0,0,,,0,,,0,,,1,1,0,1,2,0,1,2,0,0,,,0,,,0,,,0,,,0,,,0,,,1,2,0,0,,,1,2,0,0,,,0,,,0,,,,,,,,,,,,,,,,,,,,,,," ",,1,1,2134,1,2,"B",,1,,,,,,,6,,,,,,1,," ",1,,,,,,," ",1,1,1," ",888," ",1,,2,,9,4,,,90000,,3,0,300,0,1,1,2,1,3,2,,,,1,,,,,,,1,,1,1,,1,,,,1,,,13.4902167539267
14,12,1,2,1,2,1,2,6,4,3,6,2," ",58,2094,12,"7h00","17h00","888","888",1,,,1," ",24,0,,1,0,,,,0,1," ",200000,1," ",50000,254,1,1,,,,,,,,,,,,,,," ",,,," ",,,," ",,," ",,,0,4," ",0,0,,,,0,," ",7," ",0,,,0,,,1,3,0,1,50,0,0,,,1,306,0,1,1,0,1,1,0,0,,,0,,,0,,,0,,,1,1,0,1,13,0,0,,,0,,,1,1,0,0,,,0,,,,,,,,,,,,,,,,,,,,,,," ",,1,1,2094,1,2,"B",,1,,,,,,,6,,,,,,1,," ",1,,,,,,," ",1,1,1," ",888," ",1,,1,,33,4,,,363000,,1,0,180,0,2,1,5,1,2,1,,,,,,,,,,,,,1,2,,111,1,,1,1,1,,27.6634577777778
15,13,1,2,1,2,1,2,4,6,1,4,555,"Nursery School",5,45,12,"7h00","17h40","888","888",1,,,1," ",12,0,,1,1,1,60,1,0,1," ",50000,1," ",10000,217,1,0,,,,,,,,,,,,,,," ",,,," ",,,," ",,," ",,,0,1," ",0,0,,,,0,," ",7," ",0,,,0,,,0,,,1,8,0,0,,,1,2,0,0,,,0,,,0,,,0,,,0,,,0,,,0,,,1,3,0,0,,,0,,,0,,,0,,,0,,,,,,,,,,,,,,,,,,,,,,," ",,0,,,,," ",,,,,,,,,,,,,,,,," ",,,,,,,," ",,,," ",," ",,,,,,,,,,,,,,,,,,,,,,,,,,,,,,,,,,,,,,,,,,,20.4148122137405
16,14,1,2,1,2,1,1,4,6,1,7,1," ",6,55,9,"7h00","13h00","888","888",1,,,1," ",24,0,,1,0,,,,0,1," ",50000,3," ",5000,255,1,0,,,,,,,,,,,,,,," ",,,," ",,,," ",,," ",,,0,1," ",0,0,,,,0,," ",7," ",1,8,0,0,,,0,,,0,,,0,,,1,2,0,1,1,0,0,,,0,,,0,,,0,,,0,,,0,,,1,1,0,0,,,0,,,0,,,0,,,0,,,,,,,,,,,,,,,,,,,,,,," ",,0,,,,," ",,,,,,,,,,,,,,,,," ",,,,,,,," ",,,," ",," ",,,,,,,,,,,,,,,,,,,,,,,,,,,,,,,,,,,,,,,,,,,7.50649791666667
17,15,1,2,1,2,1,1,5,6,2,8,1," ",33,350,10,"7h00","17h00","888","888",1,,,1," ",24,0,,1,0,,,,0,1," ",50000,2," ",250000,268,1,1,,,,,,,,,,,,,,," ",,,," ",,,," ",,," ",,,0,1," ",0,0,,,,0,," ",7," ",0,,,1,24,0,1,1,0,0,,,1,1,0,1,5,0,1,2,0,1,2,0,0,,,1,1,0,0,,,0,,,0,,,1,5,0,1,1,0,0,,,1,1,0,0,,,0,,,,,,,,,,,,,,,,,,,,,,," ",,1,2,150,1,1,"B",,1,,,,,,,3,1,,,,,,," ",1,,,,,,," ",1,1,1," ",888," ",1,,2,,2,4,,,24000,,2,120,120,90,1,1,3,1,2,1,,,,,,,,,,,,,888,1,,888,,1,1,,,,3.57904556634304
18,16,1,2,2,2,1,2,6,4,4,1,1," ",66,2002,12,"7h00","17h00","888","888",1,,,1," ",24,0,,1,0,,,,0,1," ",3500000,1," ",10000,263,1,1,,,,,,,,,,,,,,," ",,,," ",,,," ",,," ",,,0,5," ",0,0,,,,0,," ",5," ",1,5,0,1,12,0,0,,,0,,,0,,,1,200,0,1,1,0,1,1,0,0,,,0,,,0,,,0,,,0,,,1,3,0,0,,,0,,,0,,,0,,,0,,,,,,,,,,,,,,,,,,,,,,," ",,1,1,2002,1,2,"B",,1,,,,,,,6,,,,,,1,," ",1,,,,,,," ",1,1,1," ",888," ",1,,1,,25,4,,,250000,,1,0,240,0,2,1,3,1,3,2,,,,,,,,,,,1,,1,1,,888,1,,,1,,,41.0282164502164
19,17,1,2,1,2,1,2,6,4,1,7,4," ",50,1500,10,"6h00","17h00","888","888",1,,,1," ",23,0,,1,4,1,60,2,0,1," ",100000,2," ",35000,265,1,1,,,,,,,,,,,,,,," ",,,," ",,,," ",,," ",,,0,1," ",0,0,,,,0,," ",3," ",1,10,0,1,20,0,0,,,0,,,0,,,1,20,0,1,1,0,1,1,0,0,,,0,,,0,,,0,,,0,,,0,,,0,,,0,,,1,5,0,0,,,0,,,,,,,,,,,,,,,,,,,,,,," ",,1,1,319,1,2,"B",,1,,,,,,,2,,,,,,1,," ",1,,,,,,," ",1,1,1," ",888," ",1,,1,,5,4,,,50000,,2,0,240,0,2,1,5,1,3,1,,,,,,,,,,,,,3,2,,888,1,,,,,,19.94468875
20,18,1,2,2,2,1,1,6,4,1,0,1," ",27,961,10,"7h00","17h00","888","888",1,,,1," ",24,0,,1,0,,,,0,1," ",10000,1," ",10000,255,1,1,,,,,,,,,,,,,,," ",,,," ",,,," ",,," ",,,0,1," ",0,0,,,,0,," ",7," ",1,5,0,0,,,0,,,0,,,0,,,1,1,0,0,,,0,,,0,,,0,,,0,,,0,,,0,,,1,20,0,0,,,0,,,0,,,0,,,0,,,,,,,,,,,,,,,,,,,,,,," ",,1,1,961,1,2,"B",,1,,,,,,,4,,,,,,1,," ",1,,,,,,," ",1,1,1," ",888," ",1,,1,,12,4,,,120000,,2,0,240,0,1,1,2,1,3,1,,,,,,,,,,,,,888,1,,888,1,,1,1,,,39.7495568493151
21,19,1,2,1,2,1,1,6,3,555,5,2," ",22,150,10,"7h00","14h00","888","888",1,,,1," ",24,1,3,1,0,,,,0,1," ",100000,2," ",1000000,255,1,0,,,,,,,,,,,,,,," ",,,," ",,,," ",,," ",,,1,1," ",0,0,,,,0,," ",6," ",0,,,1,20,1,1,30,1,0,,,1,1,0,1,30,0,1,2,1,1,1,0,1,3,1,0,,,0,,,0,,,0,,,1,15,1,0,,,1,2,0,1,4,1,1,1,0,0,,,,1,1,,,,1,,1,,,,,1,,,1,,,2," ",1,0,,,,," ",,,,,,,,,,,,,,,,," ",,,,,,,," ",,,," ",," ",,,,,,,,,,,,,,,,,,,,,,,,,,,,,,,,,,,,,,,,,,,92.4598432989691
22,20,1,2,1,2,1,1,6,3,3,1,1," ",20,121,10,"7h00","19h00","888","888",1,,,1," ",24,0,,1,1,1,60,2,0,1," ",320000,1," ",50000,255,1,0,,,,,,,,,,,,,,," ",,,," ",,,," ",,," ",,,0,1," ",0,0,,,,0,," ",5," ",1,14,0,0,,,0,,,1,8,0,1,2,0,1,4,0,1,3,0,1,3,1,0,,,0,,,0,,,0,,,0,,,0,,,0,,,0,,,1,1,1,0,,,0,,,,,,,,,,1,,,,,,,,,1,,,2," ",0,1,2,121,1,1,"A",1,,,,,,,,3,,,,1,,,," ",1,,,,,,," ",1,1,1," ",888," ",1,,1,,4,4,,,44000,,2,120,120,120,1,1,3,1,1,1,,,,,,,,,,,,,888,1,,888,,,,1,,,9.87333272727273
23,21,1,2,1,2,1,2,7,2,1,10,4," ",27,135,10,"7h30","16h00","888","888",1,,,1," ",24,0,,1,1,1,60,2,0,1," ",9000000,1," ",110000,255,1,0,,,,,,,,,,,,,,," ",,,," ",,,," ",,," ",,,0,1," ",0,0,,,,0,," ",7," ",0,,,1,10,1,0,,,1,30,1,0,,,1,30,0,1,3,1,1,4,1,0,,,0,,,0,,,0,,,0,,,1,30,1,0,,,0,,,1,2,1,0,,,0,,,,1,,1,,,1,1,,,,,,1,,,1,,,2," ",0,1,3,123,1,1,"A",1,,,,,,,,6,,1,,,,,," ",1,,,,,,," ",1,1,1," ",888," ",1,,1,,7,4,,,84000,,2,120,120,120,2,1,4,1,3,1,,,,,,,,,,,,,888,1,,888,,,,1,,,15.03859
24,22,1,2,1,2,1,2,3,6,3,6,1," ",58,1284,9,"7h15","16h30","888","888",1,,,1," ",24,0,,1,0,,,,0,1," ",400000,1," ",350000,255,1,0,,,,,,,,,,,,,,," ",,,," ",,,," ",,," ",,,0,1," ",0,0,,,,1,4," ",5," ",0,,,1,13,0,1,20,0,0,,,0,,,1,77,0,1,4,0,1,2,0,1,1,0,1,1,0,0,,,0,,,0,,,0,,,1,1,0,0,,,1,1,0,0,,,0,,,,,,,,,,,,,,,,,,,,,,," ",,1,2,344,1,1,"B",,1,,,,,,,3,,,,,,1,," ",1,,,,,,," ",1,1,1," ",888," ",1,,1,,10,4,,,100000,,2,60,300,120,2,1,3,1,3,1,,,,,,,,,,,,,1,2,,888,,,,,,555,21.1205211428571
25,23,1,2,1,2,1,2,3,6,4,8,1," ",20,954,9,"7h00","17h00","888","888",1,,,1," ",24,0,,1,1,1,60,888,0,1," ",50000,555,"comptable",102000,888,1,0,,,,,,,,,,,,,,," ",,,," ",,,," ",,," ",,,0,1," ",1,0,,,,0,," ",7," ",1,3,0,0,,,0,,,0,,,0,,,1,3,0,1,1,0,0,,,0,,,0,,,0,,,0,,,0,,,1,12,0,0,,,0,,,0,,,1,11,0,0,,,,,,,,,,,,,,,,,,,,,,," ",,1,1,274,1,2,"A",1,,,,,,,,2,,,1,,,,," ",1,,,,,,," ",1,1,1," ",888," ",1,,2,,2,4,,,26000,,3,0,60,0,1,1,5,1,3,1,,,,,,,,,,,,,888,555,,888,,,,,,555,16.7416508571429
26,24,1,2,1,2,1,1,6,4,1,1,1," ",30,530,9,"7h00","16h30","888","888",1,,,1," ",24,0,,1,1,2,120,1,0,1," ",50000,1," ",40000,888,1,1,,,,,,,,,,,,,,," ",,,," ",,,," ",,," ",,,0,2," ",0,0,,,,0,," ",7," ",0,,,1,14,0,0,,,0,,,1,1,0,1,6,0,1,2,0,1,2,0,0,,,0,,,0,,,0,,,0,,,1,10,0,0,,,0,,,1,1,0,0,,,0,,,,,,,,,,,,,,,,,,,,,,," ",,1,2,80,1,1,"A",1,,,,,,,,6,,1,,,,,," ",1,,,,,,," ",1,1,1," ",888," ",1,,1,,3,4,,,30000,,2,60,180,60,1,1,2,2,3,1,,,,,,,,,,,,,888,1,,2,,1,,,,,15.1199458740018
27,25,1,2,1,2,1,1,7,2,555,6,2," ",108,4700,9,"6h20","17h00","888","888",1,,,1," ",24,0,,1,1,0,30,2,0,1," ",7500000,555,"comptable",1350000,255,1,0,,,,,,,,,,,,,,," ",,,," ",,,," ",,," ",,,0,1," ",0,0,,,,0,," ",5," ",1,30,0,1,20,0,0,,,0,,,1,2,0,1,16,0,1,1,0,0,,,0,,,0,,,0,,,0,,,0,,,0,,,0,,,1,1,0,1,5,0,0,,,0,,,,,,,,,,,,,,,,,,,,,,," ",,1,1,2988,1,2,"B",,1,,,,,,,6,,,,,,1,," ",1,,,,,,," ",1,1,1," ",888," ",1,,1,,40,4,,,400000,,3,0,180,0,2,1,6,1,2,1,,,,,,,,,,,,,1,1,,888,,,1,,,,4.12082943262411
28,26,1,2,1,2,3,2,6,4,4,4,4," ",69,3157,9,"7h00","17h00","888","888",1,,,1," ",24,0,,1,0,,,,0,1," ",200000,555,"The facility",240000,250,1,1,,,,,,,,,,,,,,," ",,,," ",,,," ",,," ",,,0,555,"Funds available",0,0,,,,0,," ",5," ",0,,,1,5,0,0,,,1,20,0,0,,,1,35,0,1,2,0,1,1,0,0,,,0,,,0,,,0,,,0,,,1,5,0,0,,,0,,,1,3,0,0,,,0,,,,,,,,,,,,,,,,,,,,,,," ",,1,1,1560,1,1,"A",1,,,,,,,,6,,,,,1,1,," ",1,,,,,,," ",1,1,1," ",888," ",1,,1,,20,4,,,220000,,1,0,888,0,2,3,,1,3,1,,,,,,,,,,,,,888,1,,111,,1,,,1,555,11.2538897515528
29,27,1,2,1,2,1,1,6,4,1,5,2," ",60,2856,12,"7h00","17h00","888","888",1,,,1," ",12,0,,1,0,,,,0,1," ",200000,1," ",200000,888,1,1,,,,,,,,,,,,,,," ",,,," ",,,," ",,," ",,,0,1," ",0,0,,,,0,," ",5," ",0,,,1,2,0,1,15,0,0,,,0,,,1,105,0,1,1,0,1,1,0,0,,,0,,,0,,,0,,,0,,,1,38,0,0,,,0,,,1,7,0,0,,,0,,,,,,,,,,,,,,,,,,,,,,," ",,1,1,2008,1,2,"B",,1,,,,,,,6,,,,,,1,," ",1,,,,,,," ",1,1,1," ",888," ",1,,1,,29,4,,,290000,,2,0,360,0,2,1,5,1,2,1,,,,,,,,,,,,,2,2,,888,,,,,,555,65.775825
30,28,1,2,2,2,1,1,3,3,3,2,1," ",30,2112,9,"6h00","18h30","888","888",1,,,1," ",24,0,,1,0,,,,0,1," ",30000,1," ",30000,270,1,1,,,,,,,,,,,,,,," ",,,," ",,,," ",,," ",,,0,1," ",0,0,,,,0,," ",7," ",1,22,0,0,,,0,,,0,,,0,,,1,170,0,1,1,0,1,1,0,0,,,0,,,0,,,0,,,0,,,0,,,0,,,0,,,0,,,0,,,0,,,,,,,,,,,,,,,,,,,,,,," ",,1,1,2100,1,2,"B",,1,,,,,,,6,,,,,,1,," ",1,,,,,,," ",1,1,1," ",888," ",1,,1,,29,4,,,290000,,3,0,120,0,1,1,3,1,1,1,,,,,,,,,,,,,888,1,,888,,,,1,1,,27.3053669724771
31,29,1,2,1,2,2,1,6,4,4,6,1," ",23,798,9,"7h00","17h00","888","888",1,,,1," ",12,0,,1,0,,,,0,1," ",50000,1," ",1100000,888,1,1,,,,,,,,,,,,,,," ",,,," ",,,," ",,," ",,,0,1," ",0,0,,,,0,," ",7," ",0,,,0,,,1,10,1,0,,,1,1,0,1,16,0,1,1,0,1,1,0,0,,,0,,,0,,,0,,,0,,,1,50,0,0,,,0,,,0,,,0,,,0,,,,,1,,,,,,,,,,,,,,,,,2," ",1,0,,,,," ",,,,,,,,,,,,,,,,," ",,,,,,,," ",,,," ",," ",,,,,,,,,,,,,,,,,,,,,,,,,,,,,,,,,,,,,,,,,,,7.984714375
32,30,1,2,1,2,1,2,6,4,1,18,2," ",17,810,10,"7h00","12h00","14h00","17h00",1,,,1," ",24,0,,1,0,,,,0,1," ",1500000,1," ",30000,205,1,1,,,,,,,,,,,,,,," ",,,," ",,,," ",,," ",,,0,1," ",0,0,,,,0,," ",7," ",0,,,0,,,0,,,0,,,1,1,0,1,65,0,1,1,1,1,17,1,0,,,0,,,0,,,0,,,0,,,0,,,0,,,0,,,1,6,0,0,,,0,,,,,,,,,1,1,,,,,,,,,,,,3," ",,1,1,810,1,2,"A",1,,,,,,,,3,,1,,,,,," ",1,,,,,,," ",1,1,1," ",888," ",1,,1,,10,4,,,120000,,2,0,240,0,2,1,3,1,2,1,,,,,,,,,,,,,888,555,,888,,,,,,555,4.23082260869565
33,31,1,2,1,2,1,1,6,5,3,7,2," ",52,2050,9,"7h00","19h00","888","888",1,,,1," ",24,0,,1,0,,,,0,1," ",200000,1," ",70000,267,1,0,,,,,,,,,,,,,,," ",,,," ",,,," ",,," ",,,0,1," ",1,0,,,,0,," ",5," ",0,,,1,80,0,1,20,0,0,,,0,,,1,340,1,1,3,1,0,,,0,,,0,,,0,,,0,,,0,,,0,,,0,,,1,2,1,1,5,0,0,,,0,,,,,,,,1,1,,,,,,,,,1,,,,1," ",1,1,1,800,1,2,"B",,1,,,,,,,5,,,,,,1,," ",1,,,,,,," ",1,1,1," ",888," ",1,,1,,9,4,,,108000,,2,0,120,0,2,1,3,1,3,1,,,,,,,,,,,,,1,1,,111,1,,,,,,21.1555548
34,32,1,2,2,2,1,2,3,3,4,5,1," ",29,710,10,"7h00","17h00","888","888",1,,,1," ",12,0,,1,1,3,180,2,0,1," ",15000,555,"our school",150000,268,1,1,,,,,,,,,,,,,,," ",,,," ",,,," ",,," ",,,0,1," ",0,0,,,,0,," ",5," ",0,,,0,,,0,,,1,15,0,0,,,1,128,0,1,1,0,0,,,0,,,0,,,0,,,0,,,0,,,1,5,0,0,,,0,,,0,,,0,,,0,,,,,,,,,,,,,,,,,,,,,,," ",,1,1,710,1,2,"A",1,,,,,,,,4,,,,,,1,," ",1,,,,,,," ",1,1,1," ",888," ",1,,2,,7,4,,,70000,,1,0,300,0,2,3,,1,3,1,,,,,,,,,,,,,888,888,,111,1,,,1,,,48.7433
35,33,1,3,1,2,1,2,4,6,1,6,1," ",8,188,12,"7h00","15h00","888","888",1,,,1," ",24,0,,1,2,0,25,2,0,1," ",50000,1," ",2000,230,1,0,,,,,,,,,,,,,,," ",,,," ",,,," ",,," ",,,0,1," ",0,0,,,,0,," ",7," ",1,5,0,0,,,0,,,0,,,1,1,0,1,1,0,1,1,0,0,,,0,,,0,,,0,,,0,,,0,,,0,,,0,,,0,,,0,,,0,,,0,,,,,,,,,,,,,,,,,,,,,,," ",,1,1,188,1,1,"B",,1,,,,,,,2,,,,1,,,," ",1,,,,,,," ",1,1,1," ",888," ",1,,1,,3,4,,,30000,,1,0,180,0,2,1,2,2,3,1,,,,,,,,,,,,,1,1,,1,,,1,,1,,39.1813092105263
36,34,1,3,2,2,1,1,6,4,555,4,555,"12 year Educati",55,2320,9,"7h00","17h00","888","888",1,,,1," ",24,0,,1,1,0,10,1,0,1," ",200000,555,"The management of",2000000,295,1,1,,,,,,,,,,,,,,," ",,,," ",,,," ",,," ",,,0,555,"private people",0,0,,,,0,," ",5," ",0,,,1,40,0,0,,,1,30,0,0,,,1,146,0,1,4,0,0,,,0,,,1,7,0,0,,,0,,,1,1,0,0,,,0,,,0,,,1,6,0,0,,,0,,,,,,,,,,,,,,,,,,,,,,," ",,1,1,2320,1,2,"A",1,,,,,,,,6,,,,,,1,," ",1,,,,,,," ",1,1,1," ",888," ",1,,1,,27,4,,,270000,,1,0,120,0,2,1,2,1,3,1,,,,,,,,,,,,,888,1,,111,1,1,1,1,,,33.7477419354839
37,35,1,3,1,2,1,2,6,4,1,10,555,"Nursery School",5,55,10,"7h30","17h30","888","888",0,1,,," ",,,,,,,,,,," ",,," ",,,,,,,,,,,,,,,,,,," ",,,," ",,,," ",,," ",,,,," ",,,,,,,," ",," ",,,,,,,,,,,,,,,,,,,,,,,,,,,,,,,,,,,,,,,,,,,,,,,,,,,,,,,,,,,,,,,,,,,,,,,,,,,,,," ",,0,,,,," ",,,,,,,,,,,,,,,,," ",,,,,,,," ",,,," ",," ",,,,,,,,,,,,,,,,,,,,,,,,,,,,,,,,,,,,,,,,,,,13.9474928131417
38,36,1,3,1,2,1,2,6,4,2,13,1," ",14,632,9,"7h20","17h00","888","888",1,,,1," ",23,0,,1,3,0,20,1,0,1," ",50000,1," ",20000,250,1,0,,,,,,,,,,,,,,," ",,,," ",,,," ",,," ",,,0,1," ",0,0,,,,0,," ",7," ",1,24,0,1,7,1,0,,,0,,,0,,,1,3,1,0,,,0,,,0,,,0,,,0,,,0,,,0,,,0,,,0,,,0,,,0,,,0,,,0,,,,1,,,,1,,,,,,,,,,,,,,555,"Don't have",1,1,1,632,1,1,"B",,1,,,,,,,4,,,,1,1,,," ",1,,,,,,," ",1,1,1," ",888," ",1,,1,,10,4,,,130000,,2,0,180,0,2,1,4,1,2,1,,,,,,,,,,,,,888,555,,888,,1,,1,,,12.3686712765957
39,37,1,3,1,2,6,2,6,4,4,3,555,"Nursery School",4,91,9,"7h45","11h45","888","888",1,,,1," ",24,0,,1,0,,,,0,1," ",50000,555,"Themselves",25000,292,1,1,,,,,,,,,,,,,,," ",,,," ",,,," ",,," ",,,0,555,"None",0,0,,,,0,," ",7," ",0,,,0,,,0,,,1,10,0,0,,,1,2,0,1,1,0,0,,,0,,,0,,,0,,,0,,,0,,,0,,,0,,,0,,,0,,,0,,,0,,,,,,,,,,,,,,,,,,,,,,," ",,0,,,,," ",,,,,,,,,,,,,,,,," ",,,,,,,," ",,,," ",," ",,,,,,,,,,,,,,,,,,,,,,,,,,,,,,,,,,,,,,,,,,,28.5102728323699
40,38,1,3,1,2,1,2,4,6,1,5,555,"Nursery School",5,90,12,"8h00","12h30","888","888",0,1,,," ",,,,,,,,,,," ",,," ",,,,,,,,,,,,,,,,,,," ",,,," ",,,," ",,," ",,,0,5," ",0,0,,,,0,," ",7," ",0,,,0,,,0,,,0,,,0,,,0,,,0,,,0,,,0,,,0,,,0,,,0,,,0,,,1,2,1,0,,,0,,,0,,,0,,,0,,,,,,,,,,,,,,,,1,,,,,,2," ",1,1,1,90,1,2,"A",1,,,,,,,,1,,,,,,1,," ",1,,,,,,," ",1,1,1," ",888," ",1,,2,,1,4,,,13000,,1,0,888,0,2,1,2,1,1,1,,,,,,,,,,,,,888,1,,888,,1,,,,,46.9627568421053
41,39,1,3,1,2,1,1,6,4,4,10,4," ",70,2100,9,"7h00","17h00","888","888",1,,,1," ",24,0,,1,0,,,,0,1," ",888,1," ",200000,255,1,0,,,,,,,,,,,,,,," ",,,," ",,,," ",,," ",,,0,1," ",0,0,,,,0,," ",5," ",0,,,0,,,1,40,0,0,,,1,2,0,1,350,0,1,2,0,1,1,0,0,,,0,,,0,,,0,,,0,,,1,20,0,0,,,1,2,0,1,7,0,0,,,0,,,,,,,,,,,,,,,,,,,,,,," ",,1,1,2100,1,2,"A",1,,,,,,,,6,,,,,,1,," ",1,,,,,,," ",1,1,1," ",888," ",1,,2,,13,4,,,143000,,2,0,180,0,1,1,5,1,2,1,,,,,,,,,,,,,3,1,,888,1,,,,,,43.053996
42,40,1,3,1,2,1,2,6,4,3,11,2," ",90,1190,9,"7h00","13h50","888","888",1,,,1," ",24,0,,1,0,,,,0,1," ",200000,1," ",200000,888,1,0,,,,,,,,,,,,,,," ",,,," ",,,," ",,," ",,,0,1," ",0,0,,,,0,," ",7," ",1,6,1,1,4,0,0,,,0,,,1,6,0,1,121,1,1,4,1,1,3,0,0,,,1,4,0,0,,,0,,,1,1,0,1,1,0,0,,,0,,,1,7,0,0,,,1,5,0,1,,,,,1,1,,,,,,,,,,,,,555,"Not needed",1,1,3,590,3,1,"B",,1,,,,,,,3,,,,,1,1,," ",1,,,,,,," ",1,1,1," ",888," ",1,,1,,30,4,,,300000,,2,60,120,90,1,1,5,1,1,1,,,,,,,,,,,,,1,1,,888,,,,1,,,23.9960368421053
44,41,1,3,1,2,1,2,4,6,2,7,555,"Nursery School",6,65,11,"7h00","17h30","888","888",1,,,1," ",24,0,,1,0,,,,0,1," ",888,555,"the facility",5000,250,1,0,,,,,,,,,,,,,,," ",,,," ",,,," ",,," ",,,0,555,"Not done",0,0,,,,0,," ",7," ",1,3,0,0,,,1,1,0,0,,,0,,,1,1,0,1,1,1,1,1,0,0,,,0,,,0,,,0,,,0,,,0,,,0,,,0,,,0,,,0,,,0,,,,,,,,,1,,,,,,,,,,,,,2," ",1,0,,,,," ",,,,,,,,,,,,,,,,," ",,,,,,,," ",,,," ",," ",,,,,,,,,,,,,,,,,,,,,,,,,,,,,,,,,,,,,,,,,,,25.2778612716763
45,42,1,3,1,2,1,2,4,6,555,0,1," ",24,215,9,"7h30","16h30","888","888",1,,,1," ",12,1,2,1,2,1,60,3,0,1," ",8509981,1," ",20000,255,1,1,,,,,,,,,,,,,,," ",,,," ",,,," ",,," ",,,0,1," ",0,0,,,,0,," ",3," ",1,5,0,1,25,0,0,,,0,,,0,,,1,19,0,1,1,0,0,,,0,,,0,,,0,,,0,,,0,,,0,,,0,,,0,,,0,,,0,,,0,,,,,,,,,,,,,,,,,,,,,,," ",,1,1,214,1,1,"B",,1,,,,,,,2,,1,,,,,," ",1,,,,,,," ",1,1,1," ",888," ",1,,1,,3,4,,,39000,,2,0,240,0,2,3,,1,3,2,,,,1,,,,,,,1,,1,1,,111,1,,1,,,,17.1043262068966
46,43,1,3,2,2,3,1,6,4,4,1,1," ",17,420,9,"7h00","17h00","888","888",0,1,,," ",,,,,,,,,,," ",,," ",,,,,,,,,,,,,,,,,,," ",,,," ",,,," ",,," ",,,,," ",,,,,,,," ",," ",,,,,,,,,,,,,,,,,,,,,,,,,,,,,,,,,,,,,,,,,,,,,,,,,,,,,,,,,,,,,,,,,,,,,,,,,,,,,," ",,1,1,420,1,2,"A",1,,,,,,,,2,,,,1,1,,," ",1,,,,,,," ",1,1,1," ",888," ",1,,1,,5,4,,,50000,,2,0,180,0,2,3,,1,3,1,,,,,,,,,,,,,888,1,,111,,,1,,1,555,34.238744813278
47,44,1,3,1,2,1,2,6,4,1,4,2," ",19,180,9,"7h30","13h40","888","888",1,,,1," ",24,0,,1,1,0,1,1,0,1," ",120000,1," ",120000,888,1,0,,,,,,,,,,,,,,," ",,,," ",,,," ",,," ",,,0,1," ",0,0,,,,1,3," ",2," ",0,,,0,,,0,,,1,30,0,1,1,0,1,80,0,1,3,0,1,3,0,0,,,0,,,0,,,0,,,0,,,0,,,0,,,0,,,1,3,0,1,1,0,1,1,0,,,,,,,,,,,,,,,,,,,,," ",,0,,,,," ",,,,,,,,,,,,,,,,," ",,,,,,,," ",,,," ",," ",,,,,,,,,,,,,,,,,,,,,,,,,,,,,,,,,,,,,,,,,,,88.8850588235294
48,45,1,3,1,2,1,1,6,4,4,12,2," ",48,595,9,"6h00","17h00","888","888",1,,,1," ",24,0,,1,0,,,,0,1," ",2125000,2," ",400000,270,1,0,,,,,,,,,,,,,,," ",,,," ",,,," ",,," ",,,1,1," ",0,0,,,,1,3," ",5," ",0,,,1,50,0,0,,,0,,,1,2,0,1,60,0,1,3,0,1,2,0,0,,,0,,,0,,,0,,,0,,,0,,,0,,,1,10,0,1,3,0,1,2,0,1,2,0,,,,,,,,,,,,,,,,,,,,," ",,1,3,595,3,1,"B",,1,,,,,,,4,,,,,,1,," ",1,,,,,,," ",1,1,1," ",888," ",1,,1,,20,4,,,240000,,2,180,180,180,2,1,5,1,3,1,,,,,,,,,,,,,888,3,,888,,1,1,,,,24.1846151162791
49,46,1,3,1,2,1,1,6,4,1,14,1," ",27,341,9,"7h00","17h00","888","888",1,,,1," ",12,0,,1,0,,,,0,1," ",7500000,1," ",50000,265,1,0,,,,,,,,,,,,,,," ",,,," ",,,," ",,," ",,,0,1," ",0,0,,,,0,," ",7," ",0,,,0,,,0,,,0,,,1,3,1,1,20,1,1,2,1,1,1,0,0,,,0,,,0,,,0,,,0,,,0,,,0,,,1,1,0,0,,,0,,,0,,,,,,,1,1,1,,,,,,,,,,,,,2," ",1,0,,,,," ",,,,,,,,,,,,,,,,," ",,,,,,,," ",,,," ",," ",,,,,,,,,,,,,,,,,,,,,,,,,,,,,,,,,,,,,,,,,,,22.5478852941176
50,47,2,1,1,2,1,1,7,2,1,4,4," ",42,1389,9,"7h20","17h40","888","888",1,,,1," ",24,0,,1,2,1,60,2,0,1," ",200000,1," ",60000,888,1,0,,,,,,,,,,,,,,," ",,,," ",,,," ",,," ",,,0,1," ",0,0,,,,0,," ",3," ",1,2,0,1,4,0,1,3,0,0,,,0,,,1,108,1,1,2,1,1,2,0,0,,,0,,,0,,,0,,,0,,,1,10,0,0,,,0,,,1,2,0,1,2,1,0,,,,,,,,1,1,,,,,,,,,,,1,,1," ",1,1,1,1300,1,2,"B",,1,,,,,,,5,,,,,1,1,," ",1,,,,,,," ",1,1,1," ",888," ",1,,1,,22,4,,,220000,,3,0,240,0,2,1,5,1,1,1,,,,,,,,,,,,,888,1,,888,,,1,1,,,20.2034487562189
51,48,2,1,1,2,1,1,6,3,5,8,2," ",48,701,12,"7h40","12h30","14h00","17h00",1,,,1," ",24,0,,1,0,,,,0,1," ",500000,1," ",500000,888,1,0,,,,,,,,,,,,,,," ",,,," ",,,," ",,," ",,,0,1," ",0,0,,,,0,," ",7," ",1,40,0,1,30,0,0,,,0,,,1,2,0,1,10,0,0,,,1,2,0,1,1,0,0,,,0,,,1,1,0,0,,,0,,,0,,,0,,,1,1,0,0,,,0,,,,,,,,,,,,,,,,,,,,,,," ",,1,3,701,2,2,"B",,1,,,,,,,4,,,,1,1,1,," ",1,,,,,,," ",1,1,1," ",888," ",1,,1,,32,4,,,320000,,2,60,180,180,2,1,6,1,3,1,,,,,,,,,,,,,888,1,,111,,,1,1,,,8.52196355140187
52,49,2,1,2,2,1,1,4,5,3,16,1," ",33,800,12,"7h00","12h20","888","888",1,,,1," ",24,0,,1,0,,,,0,1," ",7000,1," ",7000,888,1,0,,,,,,,,,,,,,,," ",,,," ",,,," ",,," ",,,0,1," ",0,0,,,,0,," ",7," ",1,12,0,0,,,0,,,0,,,0,,,1,149,0,1,2,0,0,,,0,,,0,,,0,,,0,,,0,,,0,,,0,,,0,,,0,,,0,,,0,,,,,,,,,,,,,,,,,,,,,,," ",,1,1,800,1,2,"B",,1,,,,,,,4,,,,,1,1,," ",1,,,,,,," ",1,1,1," ",888," ",1,,1,,10,4,,,100000,,3,0,240,0,1,1,6,1,2,1,,,,,,,,,,,,,888,1,,888,,1,1,1,,,90.9873333333333
53,50,2,1,2,2,1,2,6,3,4,8,4," ",60,1352,12,"7h00","12h20","14h00","17h00",1,,,1," ",24,0,,1,0,,,,0,1," ",100000,1," ",30000,255,1,0,,,,,,,,,,,,,,," ",,,," ",,,," ",,," ",,,1,1," ",0,0,,,,0,," ",7," ",1,20,0,0,,,0,,,0,,,0,,,1,228,0,1,2,0,1,1,0,0,,,0,,,0,,,0,,,0,,,0,,,0,,,0,,,0,,,0,,,0,,,,,,,,,,,,,,,,,,,,,,," ",,1,1,1352,1,2,"B",,1,,,,,,,4,,,,1,1,1,," ",1,,,,,,," ",1,1,1," ",888," ",1,,1,,17,4,,,170000,,2,0,180,0,1,1,8,1,2,1,,,,,,,,,,,,,888,1,,111,,,1,1,,,152.80155
54,51,2,1,2,2,1,1,6,3,1,12,1," ",46,1200,9,"7h00","17h00","888","888",1,,,1," ",24,0,,1,1,1,60,1,0,1," ",20000,1," ",150000,255,1,0,,,,,,,,,,,,,,," ",,,," ",,,," ",,," ",,,0,1," ",0,0,,,,0,," ",5," ",1,17,0,0,,,0,,,0,,,0,,,1,5,0,1,2,0,0,,,0,,,0,,,0,,,0,,,0,,,0,,,0,,,1,20,0,0,,,0,,,0,,,,,,,,,,,,,,,,,,,,,,," ",,1,1,1200,1,2,"B",,1,,,,,,,5,,,,1,,,," ",1,,,,,,," ",1,1,1," ",888," ",1,,2,,7,4,,,70000,,2,0,300,0,2,1,3,1,2,1,,,,,,,,,,,,,1,2,,888,1,,,,,,45.2318409090909
55,52,2,1,2,2,1,1,3,6,4,8,1," ",29,370,12,"7h00","12h20","14h00","17h00",1,,,1," ",12,0,,1,0,,,,0,1," ",7000,1," ",7000,888,1,0,,,,,,,,,,,,,,," ",,,," ",,,," ",,," ",,,0,1," ",0,0,,,,1,4," ",7," ",1,14,0,0,,,0,,,0,,,0,,,1,1,0,1,1,0,0,,,0,,,0,,,0,,,0,,,0,,,0,,,0,,,0,,,0,,,0,,,0,,,,,,,,,,,,,,,,,,,,,,," ",,1,2,370,1,2,"B",,1,,,,,,,2,,,,,1,1,," ",1,,,,,,," ",1,1,1," ",888," ",1,,1,,10,4,,,110000,,2,60,240,888,2,1,6,1,2,1,,,,,,,,,,,,,888,1,,111,,,1,1,,,207.560347826087
68,53,2,2,2,2,10,1,6,4,1,3,2," ",27,600,10,"7h00","16h00","888","888",1,,,1," ",24,1,2,1,3,1,60,1,0,1," ",100000,1," ",15000,888,1,0,,,,,,,,,,,,,,," ",,,," ",,,," ",,," ",,,0,1," ",0,0,,,,0,," ",3," ",0,,,0,,,0,,,0,,,0,,,1,58,0,0,,,0,,,0,,,0,,,0,,,0,,,0,,,0,,,0,,,0,,,0,,,0,,,0,,,,,,,,,,,,,,,,,,,,,,," ",,1,1,600,1,2,"B",,1,,,,,,,4,,,,,,1,," ",1,,,,,,," ",1,1,1," ",888," ",1,,2,,4,4,,,36000,,3,0,120,0,2,1,2,1,2,1,,,,,,,,,,,,,888,2,,888,1,1,1,1,,,138.488
71,54,2,2,2,2,10,1,6,4,1,7,1," ",26,769,10,"7h20","17h00","888","888",1,,,1," ",24,0,,1,0,,,,0,1," ",30000,1," ",30000,888,1,0,,,,,,,,,,,,,,," ",,,," ",,,," ",,," ",,,0,1," ",0,0,,,,0,," ",7," ",0,,,0,,,0,,,0,,,0,,,0,,,0,,,0,,,0,,,0,,,0,,,0,,,0,,,0,,,0,,,0,,,0,,,0,,,0,,,,,,,,,,,,,,,,,,,,,,," ",,1,1,769,1,2,"A",1,,,,,,,,4,,,,,1,,," ",1,,,,,,," ",1,1,1," ",888," ",1,,1,,12,4,,,132000,,2,0,180,0,1,1,5,1,1,1,,,,,,,,,,,,,888,1,,888,1,,1,,,,111.031052054795
79,55,2,3,1,2,1,2,6,4,1,12,1," ",17,457,9,"7h20","12h40","888","888",1,,,1," ",12,0,,1,1,1,60,1,0,1," ",50000,1," ",5000,227,1,0,,,,,,,,,,,,,,," ",,,," ",,,," ",,," ",,,0,1," ",0,0,,,,0,," ",7," ",1,6,0,0,,,0,,,0,,,0,,,1,141,0,0,,,0,,,0,,,0,,,0,,,0,,,0,,,1,17,0,0,,,0,,,0,,,0,,,0,,,,,,,,,,,,,,,,,,,,,,," ",,1,1,457,1,2,"B",,1,,,,,,,2,,,,,1,,," ",1,,,,,,," ",1,1,1," ",888," ",1,,1,,6,4,,,66000,,3,0,120,0,2,1,4,1,2,1,,,,,,,,,,,,,888,1,,888,,,1,,,,13.34441
80,56,2,3,2,2,1,2,4,6,1,12,1," ",15,511,9,"6h00","17h00","888","888",1,,,1," ",12,0,,1,0,,,,0,1," ",10000,1," ",10000,888,1,0,,,,,,,,,,,,,,," ",,,," ",,,," ",,," ",,,0,1," ",0,0,,,,0,," ",7," ",0,,,1,6,0,1,3,0,0,,,0,,,1,103,0,0,,,1,1,0,0,,,0,,,0,,,0,,,0,,,1,15,0,0,,,0,,,1,1,0,0,,,0,,,,,,,,,,,,,,,,,,,,,,," ",,1,1,511,1,2,"B",,1,,,,,,,4,,,,,1,,," ",1,,,,,,," ",1,1,1," ",888," ",1,,2,,4,4,,,36000,,1,0,180,0,2,1,5,1,3,2,,,,,,,,,,1,1,,888,1,,888,,,,1,,,104.835668449198
81,57,2,3,2,2,2,2,6,4,5,8,2," ",43,1396,9,"7h00","17h00","888","888",1,,,1," ",24,0,,1,2,0,30,1,0,1," ",50000,1," ",40000,255,1,0,,,,,,,,,,,,,,," ",,,," ",,,," ",,," ",,,0,1," ",0,0,,,,0,," ",7," ",1,40,0,0,,,0,,,0,,,1,1,0,1,309,0,0,,,1,1,0,0,,,0,,,0,,,0,,,0,,,1,43,0,0,,,1,23,0,0,,,0,,,0,,,,,,,,,,,,,,,,,,,,,,," ",,1,1,1396,1,2,"B",,1,,,,,,,4,,,,,,1,," ",1,,,,,,," ",1,1,1," ",888," ",1,,1,,19,4,,,209000,,1,0,240,0,2,1,5,1,2,2,1,,,1,,,,,,1,1,,888,1,,111,,,1,,,,112.872822222222
82,58,2,3,2,2,2,1,3,3,555,2,1," ",25,718,9,"7h00","11h45","888","888",1,,,1," ",12,0,,1,3,1,60,3,0,1," ",20000,1," ",20000,888,1,0,,,,,,,,,,,,,,," ",,,," ",,,," ",,," ",,,0,1," ",0,0,,,,0,," ",6," ",1,2,0,0,,,0,,,0,,,0,,,1,200,0,0,,,0,,,0,,,0,,,0,,,0,,,0,,,0,,,0,,,0,,,0,,,0,,,0,,,,,,,,,,,,,,,,,,,,,,," ",,1,1,718,1,2,"B",,1,,,,,,,4,,,1,,,,," ",1,,,,,,," ",1,1,1," ",888," ",1,,2,,4,4,,,40000,,1,0,888,0,2,1,8,1,2,2,,,1,1,,,,,,1,1,,888,1,,888,,,,1,,,198.80024
84,59,2,4,2,2,1,1,3,6,3,2,1," ",21,500,9,"7h00","12h20","14h00","17h00",1,,,1," ",24,0,,1,0,,,,0,1," ",10000,1," ",14000,255,1,0,,,,,,,,,,,,,,," ",,,," ",,,," ",,," ",,,0,1," ",0,0,,,,0,," ",7," ",1,4,0,0,,,0,,,0,,,0,,,0,,,0,,,0,,,0,,,0,,,0,,,0,,,0,,,0,,,0,,,0,,,1,1,0,0,,,0,,,,,,,,,,,,,,,,,,,,,,," ",,1,1,500,1,2,"B",,1,,,,,,,4,,,,,1,1,," ",1,,,,,,," ",1,1,1," ",888," ",1,,1,,6,4,,,60000,,3,0,120,0,2,1,6,1,3,1,,,,,,,,,,,,,888,1,,888,,,,1,,,72.2506289308176
86,60,2,4,1,2,1,2,6,4,1,10,4," ",38,2050,12,"7h00","12h30","13h50","17h00",1,,,1," ",24,0,,1,0,,,,0,1," ",2800000,1," ",300000,888,1,1,,,,,,,,,,,,,,," ",,,," ",,,," ",,," ",,,0,1," ",0,0,,,,0,," ",7," ",1,40,0,1,4,0,0,,,0,,,1,1,0,1,20,0,1,2,0,1,1,0,0,,,0,,,0,,,0,,,0,,,1,1,0,0,,,0,,,1,1,0,0,,,1,1,0,,,,,,,,,,,,,,,,,,,,," ",,1,1,2050,1,2,"B",,1,,,,,,,6,,,,,1,1,," ",1,,,,,,," ",1,1,1," ",888," ",1,,1,,38,4,,,418000,,2,0,240,0,2,1,6,1,2,1,,,,,,,,,,,,,888,1,,888,,,1,1,,,18.0087829787234
86,61,2,4,1,2,2,2,6,4,1,10,555,"Mure",21,300,12,"7h00","12h00","14h00","17h00",1,,,1," ",24,0,,1,0,,,,0,1," ",200000,1," ",200000,888,1,1,,,,,,,,,,,,,,," ",,,," ",,,," ",,," ",,,1,4," ",0,0,,,,0,," ",7," ",1,15,0,0,,,0,,,0,,,0,,,1,2,0,1,1,0,1,1,0,0,,,0,,,0,,,0,,,0,,,0,,,0,,,0,,,0,,,0,,,0,,,,,,,,,,,,,,,,,,,,,,," ",,1,2,300,1,2,"B",,1,,,,,,,2,,,,1,1,,," ",1,,,,,,," ",1,1,1," ",888," ",1,,1,,8,4,,,88000,,3,40,180,60,2,1,4,1,1,1,,,,,,,,,,,,,888,1,,111,,,,1,,,18.0087829787234
87,62,2,4,2,2,1,1,3,6,4,1,1," ",22,200,12,"7h20","12h20","14h00","17h00",0,2,,," ",,,,,,,,,,," ",,," ",,,,,1,,,,1,,,,62022,1,,1,1,," ",0,,," ",,888,2," ",0,1," ",1,1,0,4," ",0,0,,,,0,," ",7," ",1,16,0,0,,,0,,,0,,,0,,,1,2,0,0,,,0,,,0,,,0,,,0,,,0,,,0,,,0,,,0,,,0,,,0,,,0,,,0,,,,,,,,,,,,,,,,,,,,,,," ",,1,1,200,1,2,"B",,1,,,,,,,2,,,,,1,1,," ",1,,,,,,," ",1,1,1," ",888," ",1,,2,,2,4,,,22000,,3,0,180,0,2,1,7,1,3,1,,,,,,,,,,,,,1,1,,888,1,,1,,,,102.260069686411
88,63,2,4,1,2,1,2,3,6,5,10,4," ",66,2000,12,"7h00","12h20","13h40","17h00",1,,,1," ",24,0,,1,0,,,,0,1," ",200000,1," ",30000,888,1,0,,,,,,,,,,,,,,," ",,,," ",,,," ",,," ",,,0,1," ",0,0,,,,0,," ",6," ",1,24,0,0,,,0,,,0,,,0,,,1,4,0,1,2,0,1,2,0,0,,,0,,,0,,,0,,,0,,,0,,,0,,,0,,,1,8,0,0,,,0,,,,,,,,,,,,,,,,,,,,,,," ",,1,1,2000,1,2,"B",,1,,,,,,,6,,,,,1,1,," ",1,,,,,,," ",1,1,1," ",888," ",1,,1,,37,4,,,407000,,2,0,240,0,2,1,5,1,2,1,,,,,,,,,,,,,888,1,,888,,,1,,,,12.1381444776119
89,64,2,4,1,2,1,1,3,6,5,1,2," ",31,400,12,"7h00","12h20","13h40","17h00",1,,,1," ",24,1,2,1,0,,,,0,1," ",200000,1," ",53000,888,1,0,,,,,,,,,,,,,,," ",,,," ",,,," ",,," ",,,0,1," ",0,0,,,,0,," ",7," ",1,42,0,0,,,0,,,0,,,0,,,1,92,0,1,3,0,1,1,0,0,,,0,,,0,,,0,,,0,,,0,,,0,,,0,,,1,6,0,0,,,0,,,,,,,,,,,,,,,,,,,,,,," ",,1,1,400,1,2,"B",,1,,,,,,,2,,,,,1,1,," ",1,,,,,,," ",1,1,1," ",888," ",1,,1,,5,4,,,55000,,2,0,120,0,2,1,3,1,1,1,,,,,,,,,,,,,2,1,,888,,,1,,,,15.4509974137931
90,65,2,5,2,2,1,1,3,6,3,1,1," ",14,200,9,"7h00","12h00","14h00","17h00",0,1,,," ",,,,,,,,,,," ",,," ",,,,,,,,,,,,,,,,,,," ",,,," ",,,," ",,," ",,,,," ",,,,,,,," ",," ",,,,,,,,,,,,,,,,,,,,,,,,,,,,,,,,,,,,,,,,,,,,,,,,,,,,,,,,,,,,,,,,,,,,,,,,,,,,,," ",,1,1,200,1,2,"B",,1,,,,,,,2,,,,1,,,," ",1,,,,,,," ",1,1,1," ",888," ",1,,1,,3,4,,,33000,,2,0,240,0,2,1,6,1,1,2,,,,1,,,,,,,,,888,1,,1,,,1,1,,,124.678725925926
91,66,2,5,2,2,1,1,3,2,4,3,1," ",16,1280,9,"7h20","12h20","14h00","17h00",1,,,1," ",12,0,,1,0,,,,0,1," ",50000,1," ",50000,888,1,0,,,,,,,,,,,,,,," ",,,," ",,,," ",,," ",,,0,1," ",0,0,,,,1,4," ",7," ",0,,,0,,,0,,,0,,,0,,,0,,,0,,,0,,,0,,,0,,,0,,,0,,,0,,,0,,,0,,,0,,,0,,,0,,,0,,,,,,,,,,,,,,,,,,,,,,," ",,1,1,364,1,2,"AB",1,1,,,,,,,2,,,,,1,1,," ",1,,,,,,," ",1,1,1," ",888," ",1,,1,,7,4,,,77000,,2,0,120,0,2,1,4,1,1,1,,,,,,,,,,,,,2,1,,888,,,1,1,,,5.83359555555556
99,67,2,5,2,2,1,2,3,6,4,5,1," ",24,835,9,"7h20","17h00","888","888",1,,,6," ",12,0,,0,,,,,1,," ",,," ",,,,,1,,,,1,,,,62016,1,,1,3,4," ",0,,," ",,,1," ",1,1," ",0,,0,1," ",1,0,,,,0,," ",7," ",0,,,0,,,0,,,1,6,0,0,,,1,1,0,1,1,0,0,,,0,,,0,,,0,,,0,,,0,,,0,,,0,,,0,,,0,,,0,,,0,,,,,,,,,,,,,,,,,,,,,,," ",,1,1,835,1,1,"B",,1,,,,,,,4,,,,,,1,," ",1,,,,,,," ",1,1,1," ",888," ",1,,1,,13,4,,,130000,,1,0,60,0,2,1,2,2,1,1,,,,,,,,,,,,,888,555,,888,,,1,1,,,134.667481889764
100,68,2,5,2,2,1,1,6,4,1,16,1," ",21,504,9,"7h20","17h40","888","888",1,,,1," ",12,0,,1,0,,,,0,1," ",217000,1," ",1000,255,1,0,,,,,,,,,,,,,,," ",,,," ",,,," ",,," ",,,0,1," ",0,0,,,,1,4," ",7," ",0,,,0,,,0,,,1,7,0,0,,,1,1,0,1,1,0,1,1,0,0,,,0,,,0,,,0,,,0,,,0,,,0,,,0,,,1,1,0,0,,,1,1,0,,,,,,,,,,,,,,,,,,,,," ",,1,1,504,1,2,"A",1,,,,,,,,4,,,,1,,,," ",1,,,,,,," ",1,1,1," ",888," ",1,,1,,6,4,,,54000,,2,0,120,0,2,1,2,1,2,1,,,,,,,,,,,,,888,3,,111,,,,1,,,179.081928947368
114,69,2,6,2,2,1,2,6,3,4,3,1," ",20,493,9,"7h20","17h00","888","888",1,,,1," ",24,1,2,1,2,1,60,3,0,1," ",10000,555,"CAG",2000,888,1,1,,,,,,,,,,,,,,," ",,,," ",,,," ",,," ",,,0,1," ",0,0,,,,0,," ",2," ",1,5,1,0,,,0,,,0,,,0,,,1,151,1,1,1,0,0,,,0,,,0,,,0,,,0,,,0,,,0,,,0,,,0,,,0,,,1,1,0,0,,,1,,,,,1,,,,,,,,,,,,,,3," ",0,1,1,493,1,2,"B",,1,,,,,,,2,,,,,1,1,," ",1,,,,,,," ",1,1,1," ",888," ",1,,1,,6,4,,,60000,,1,0,300,0,2,1,4,1,2,1,,,,,,,,,,,,,888,4,,888,,,1,1,,,109.48854
115,70,2,6,1,2,1,2,6,4,5,11,4," ",52,1900,9,"7h00","12h20","14h00","17h00",1,,,1," ",24,0,,1,0,,,,0,1," ",200000,1," ",25000,220,1,0,,,,,,,,,,,,,,," ",,,," ",,,," ",,," ",,,0,1," ",0,0,,,,0,," ",7," ",0,,,0,,,0,,,0,,,0,,,1,102,0,1,1,0,1,1,0,0,,,0,,,0,,,0,,,0,,,1,2,0,0,,,1,2,0,1,5,0,0,,,0,,,,,,,,,,,,,,,,,,,,,,," ",,1,1,1900,1,1,"A",1,,,,,,,,5,,,,,1,1,," ",1,,,,,,," ",1,1,1," ",888," ",1,,1,,24,4,,,264000,,3,0,240,0,2,1,3,1,3,2,,,1,1,,,,,,,,,888,2,,111,,,1,,,,6.9631550877193
116,71,2,6,2,2,2,2,6,4,2,27,1," ",20,1300,9,"7h00","17h40","888","888",1,,,1," ",24,1,3,1,3,1,60,3,0,1," ",30000,1," ",20000,888,1,0,,,,,,,,,,,,,,," ",,,," ",,,," ",,," ",,,0,1," ",0,0,,,,0,," ",3," ",1,6,0,0,,,0,,,0,,,0,,,1,1,0,1,1,0,1,1,0,0,,,0,,,0,,,0,,,0,,,1,5,0,0,,,0,,,0,,,0,,,0,,,,,,,,,,,,,,,,,,,,,,," ",,1,1,550,1,2,"B",,1,,,,,,,4,,,,,1,1,," ",1,,,,,,," ",1,1,1," ",888," ",1,,1,,10,4,,,100000,,2,0,240,0,2,1,5,1,2,2,,,,1,,,,,,,1,,888,3,,888,,,1,1,,,138.22532038835
117,72,2,6,2,2,1,2,4,6,2,11,4," ",50,1417,9,"7h20","17h00","888","888",1,,,1," ",24,0,,1,2,3,180,3,0,1," ",100000,1," ",30000,250,1,0,,,,,,,,,,,,,,," ",,,," ",,,," ",,," ",,,0,1," ",0,0,,,,0,," ",7," ",1,4,0,0,,,0,,,0,,,0,,,1,1,1,1,1,0,1,1,0,0,,,0,,,0,,,0,,,0,,,0,,,0,,,0,,,0,,,0,,,0,,,,,,,,1,,,,,,,,,,,,,,1," ",1,1,1,1417,1,2,"B",,1,,,,,,,5,,,,,1,1,," ",1,,,,,,," ",1,1,1," ",888," ",1,,1,,21,4,,,210000,,2,0,180,0,2,1,5,1,2,2,,,,1,,,,,,,1,,3,1,,888,,,1,,,,121.078246153846
118,73,2,6,2,2,1,1,4,5,2,2,1," ",40,1901,9,"7h20","17h00","888","888",1,,,1," ",23,1,2,1,1,1,60,2,0,1," ",20000,1," ",20000,888,1,0,,,,,,,,,,,,,,," ",,,," ",,,," ",,," ",,,0,1," ",0,0,,,,1,4," ",7," ",1,7,0,0,,,0,,,0,,,1,1,0,1,14,0,1,1,0,0,,,0,,,0,,,0,,,0,,,0,,,0,,,0,,,0,,,1,2,0,0,,,0,,,,,,,,,,,,,,,,,,,,,,," ",,1,1,1000,1,2,"B",,1,,,,,,,5,,1,,,,,," ",1,,,,,,," ",1,1,1," ",888," ",1,,1,,18,4,,,180000,,1,0,180,0,1,1,2,1,3,1,,,,,,,,,,,,,888,1,,888,1,,,,,,164.318615384615
119,74,2,6,1,2,2,2,6,4,4,12,4," ",46,1264,9,"7h20","12h00","888","888",1,,,1," ",24,0,,1,0,,,,0,1," ",200000,1," ",32000,250,1,0,,,,,,,,,,,,,,," ",,,," ",,,," ",,," ",,,0,1," ",0,0,,,,0,," ",7," ",1,22,1,1,4,0,0,,,0,,,0,,,1,234,0,1,2,0,1,1,0,0,,,0,,,0,,,0,,,0,,,0,,,0,,,0,,,1,6,0,1,1,0,0,,,1,,,,,,,,,,,,,,,,,,,3," ",1,1,1,1008,1,2,"B",,1,,,,,,,5,,,,,1,1,," ",1,,,,,,," ",1,1,1," ",888," ",1,,1,,13,4,,,143000,,2,0,180,0,2,1,4,1,2,2,,,,1,,,,,,1,1,,3,1,,888,,,1,,1,,26.6755114503817
120,75,2,7,1,2,1,2,4,6,1,5,1," ",32,1264,9,"7h20","17h40","888","888",1,,,1," ",12,1,3,1,1,1,60,3,0,1," ",50000,1," ",2500,250,1,0,,,,,,,,,,,,,,," ",,,," ",,,," ",,," ",,,0,1," ",0,1,0,,,0,," ",3," ",0,,,0,,,0,,,1,4,0,0,,,1,2,0,1,1,0,1,1,0,0,,,0,,,0,,,0,,,0,,,0,,,0,,,0,,,0,,,0,,,0,,,,,,,,,,,,,,,,,,,,,,," ",,1,2,968,1,2,"B",,1,,,,,,,3,,,,,,1,," ",1,,,,,,," ",1,1,1," ",888," ",1,,1,,22,4,,,264000,,2,120,180,90,1,1,4,1,1,2,,,1,1,,,,,,,,,888,2,,888,,,1,1,,,10.14123
121,76,2,7,2,2,1,1,6,4,1,6,1," ",24,663,9,"7h00","17h00","888","888",1,,,5," ",24,0,,0,,,,,1,," ",,," ",,,,,1,,,,1,1,,,82018,1,,1,2,1," ",0,,," ",,,1," ",0,2," ",2,1,0,5," ",0,0,,,,0,," ",2," ",0,,,0,,,0,,,0,,,0,,,1,1,1,1,1,0,1,1,0,0,,,0,,,0,,,0,,,0,,,0,,,0,,,0,,,0,,,0,,,0,,,,,,,,1,,,,,,,,,,,,,,3," ",0,1,1,350,1,2,"B",,1,,,,,,,2,,,,,1,1,," ",1,,,,,,," ",1,1,1," ",888," ",1,,1,,6,4,,,66000,,2,0,180,0,2,1,6,1,2,2,,,1,1,,,,,,,,,1,1,,111,1,,,1,1,,90.2549166666667
122,77,2,7,2,2,1,2,6,1,5,13,4," ",24,640,9,"7h00","17h00","888","888",1,,,1," ",24,0,,1,1,1,60,1,0,1," ",100000,1," ",20000,255,1,1,,,,,,,,,,,,,,," ",,,," ",,,," ",,," ",,,0,1," ",0,0,,,,0,," ",1," ",1,8,0,0,,,0,,,0,,,0,,,1,210,0,1,2,0,1,1,0,0,,,0,,,0,,,0,,,0,,,1,20,1,0,,,0,,,1,2,0,0,,,1,1,1,,,,,,,,,,,,,,1,,,,,1,555,"Nothing",0,1,1,640,1,2,"B",,1,,,,,,,3,,,,,,1,," ",1,,,,,,," ",1,1,1," ",888," ",1,,2,,4,4,,,44000,,2,0,180,0,2,1,5,1,2,1,,,,,,,,,,,,,888,1,,888,1,1,,,,,53.5930577507599
123,78,2,7,1,2,2,2,6,4,1,2,4," ",34,780,9,"7h20","17h00","888","888",1,,,1," ",18,0,,1,2,1,60,2,0,1," ",200000,1," ",30000,250,1,0,,,,,,,,,,,,,,," ",,,," ",,,," ",,," ",,,0,1," ",0,0,,,,0,," ",5," ",1,30,0,0,,,0,,,0,,,0,,,1,82,1,0,,,1,2,0,0,,,0,,,0,,,0,,,0,,,0,,,0,,,0,,,1,4,0,0,,,0,,,,,,,,1,,,,,,,,,,,,,,555,"Not Applicable",1,1,1,780,1,2,"B",,1,,,,,,,5,,,1,,,1,," ",1,,,,,,," ",1,1,1," ",888," ",1,,1,,12,4,,,144000,,2,0,120,0,2,1,3,1,3,1,,,,,,,,,,,,,2,1,,888,,,,1,,,6.04231948051948
124,79,2,7,1,2,1,2,7,2,1,12,4," ",80,2919,9,"7h20","16h40","888","888",1,,,1," ",24,0,,1,1,1,60,3,0,1," ",140000,1," ",60000,250,1,0,,,,,,,,,,,,,,," ",,,," ",,,," ",,," ",,,0,1," ",0,0,,,,0,," ",2," ",1,25,0,1,8,0,0,,,0,,,0,,,1,7,0,1,2,0,1,1,0,0,,,0,,,0,,,0,,,0,,,1,8,0,0,,,0,,,1,8,0,1,2,0,0,,,,,,,,,,,,,,,,,,,,,,," ",,1,1,610,1,2,"B",,1,,,,,,,4,,,,,,1,," ",1,,,,,,," ",1,1,1," ",888," ",1,,1,,9,4,,,99000,,2,0,240,0,2,1,5,1,2,1,,,,,,,,,,,,,1,1,,111,,,1,1,,,7.471653
125,80,2,7,2,2,1,1,3,5,3,17,1," ",14,296,9,"7h20","17h00","888","888",0,1,,," ",,,,,,,,,,," ",,," ",,,,,,,,,,,,,,,,,,," ",,,," ",,,," ",,," ",,,,," ",,,,,,,," ",," ",,,,,,,,,,,,,,,,,,,,,,,,,,,,,,,,,,,,,,,,,,,,,,,,,,,,,,,,,,,,,,,,,,,,,,,,,,,,,," ",,1,1,296,1,2,"B",,1,,,,,,,2,1,,,,,,," ",1,,,,,,," ",1,1,1," ",888," ",1,,1,,4,4,,,36000,,2,0,180,0,2,1,2,1,1,2,,,,1,,,,,,,,,888,1,,888,,,1,,,,100.539116883117
126,81,2,7,1,2,1,1,6,4,1,4,4," ",47,1467,12,"7h00","12h20","14h00","17h00",1,,,1," ",24,0,,1,1,0,10,1,0,1," ",200000,1," ",30000,269,1,0,,,,,,,,,,,,,,," ",,,," ",,,," ",,," ",,,0,1," ",0,0,,,,0,," ",5," ",0,,,0,,,1,15,0,1,19,0,1,1,0,1,238,0,1,1,0,1,1,0,0,,,0,,,0,,,0,,,0,,,1,5,0,0,,,1,2,0,1,8,0,0,,,0,,,,,,,,,,,,,,,,,,,,,,," ",,1,1,770,1,2,"B",,1,,,,,,,4,,,,,1,1,," ",1,,,,,,," ",1,1,1," ",888," ",1,,2,,6,4,,,78000,,1,0,120,0,2,1,5,1,2,1,,,,,,,,,,,,,888,2,,888,,,1,1,,,16.0080777777778
127,82,2,8,2,2,2,2,6,4,555,1,2," ",60,1206,11,"7h00","17h00","888","888",1,,,1," ",24,1,3,1,1,1,60,1,0,1," ",2333334,2," ",2333334,255,1,1,,,,,,,,,,,,,,," ",,,," ",,,," ",,," ",,,0,1," ",0,0,,,,0,," ",7," ",0,,,0,,,1,45,0,0,,,1,1,0,1,109,0,1,1,0,1,1,0,0,,,0,,,0,,,0,,,0,,,0,,,0,,,0,,,1,1,0,0,,,0,,,,,,,,,,,,,,,,,,,,,,," ",,1,1,1206,3,2,"B",,1,,,,,,,5,,,,,,1,," ",1,,,,,,," ",1,1,1," ",888," ",1,,1,,17,4,,,153000,,1,0,888,0,2,1,5,1,3,2,,,1,1,,,,,,,,,888,4,,555,,,1,,,,60.01412
128,83,2,8,1,2,1,2,4,6,1,7,1," ",24,987,12,"7h20","12h20","14h00","17h00",1,,,1," ",12,0,,1,1,2,120,3,0,1," ",99935,1," ",10000,200,1,0,,,,,,,,,,,,,,," ",,,," ",,,," ",,," ",,,0,1," ",0,0,,,,0,," ",5," ",1,11,0,0,,,0,,,0,,,0,,,1,187,0,1,2,0,1,1,0,0,,,0,,,0,,,0,,,0,,,0,,,0,,,0,,,0,,,0,,,0,,,,,,,,,,,,,,,,,,,,,,," ",,1,1,987,1,2,"B",,1,,,,,,,4,,,,,,1,," ",1,,,,,,," ",1,1,1," ",888," ",1,,1,,12,4,,,132000,,2,0,888,0,2,1,6,1,3,1,,,,,,,,,,,,,888,1,,888,1,1,1,,,,4.83481479713604
129,84,2,8,2,2,2,2,6,4,555,6,2," ",42,1426,9,"7h00","17h00","888","888",1,,,5," ",24,1,3,0,,,,,1,," ",,," ",,,,,,,1,1,,,,1,92021,0,32022,,3,1," ",0,,," ",,,5," ",0,5," ",,,0,5," ",1,0,,,,0,," ",6," ",1,1,0,0,,,0,,,0,,,0,,,1,3,0,0,,,1,1,0,0,,,0,,,0,,,0,,,0,,,0,,,0,,,0,,,0,,,0,,,0,,,,,,,,,,,,,,,,,,,,,,," ",,1,1,1426,1,2,"B",,1,,,,,,,5,,,,,,1,," ",1,,,,,,," ",1,1,1," ",888," ",1,,1,,22,4,,,242000,,1,0,180,0,1,1,5,1,2,1,,,,,,,,,,,,,1,1,,888,1,,1,,,,72.9900818181818
130,85,2,8,1,2,1,2,6,4,1,9,1," ",16,537,9,"7h20","12h20","14h00","17h00",0,1,,," ",,,,,,,,,,," ",,," ",,,,,,,,,,,,,,,,,,," ",,,," ",,,," ",,," ",,,,," ",,,,,,,," ",," ",,,,,,,,,,,,,,,,,,,,,,,,,,,,,,,,,,,,,,,,,,,,,,,,,,,,,,,,,,,,,,,,,,,,,,,,,,,,,," ",,1,1,537,1,2,"B",,1,,,,,,,4,,,,,,1,," ",1,,,,,,," ",1,1,1," ",888," ",1,,1,,6,4,,,72000,,3,0,240,0,2,1,4,1,3,1,,,,,,,,,,,,,888,555,,888,,,,,1,,9.81552
131,86,2,8,2,2,1,1,6,4,1,1,2," ",33,1035,12,"7h00","12h00","14h00","17h00",0,4,,," ",,,,,,,,,,," ",,," ",,,,,,,,,,,,,,,,,,," ",,,," ",,,," ",,," ",,,,," ",,,,,,,," ",," ",,,,,,,,,,,,,,,,,,,,,,,,,,,,,,,,,,,,,,,,,,,,,,,,,,,,,,,,,,,,,,,,,,,,,,,,,,,,,," ",,1,2,1035,1,2,"A",1,,,,,,,,5,,1,,,,,," ",1,,,,,,," ",1,1,1," ",888," ",1,,1,,26,4,,,260000,,3,60,120,60,1,1,1,1,2,1,,,,,,,,,,,,,1,1,,111,,,1,,,,82.8797946428571
132,87,2,8,2,2,1,2,3,6,555,9,4," ",33,986,9,"7h20","17h00","888","888",0,1,,," ",,,,,,,,,,," ",,," ",,,,,,,,,,,,,,,,,,," ",,,," ",,,," ",,," ",,,,," ",,,,,,,," ",," ",,,,,,,,,,,,,,,,,,,,,,,,,,,,,,,,,,,,,,,,,,,,,,,,,,,,,,,,,,,,,,,,,,,,,,,,,,,,,," ",,1,1,986,1,2,"B",,1,,,,,,,4,,,,,,1,," ",1,,,,,,," ",1,1,1," ",888," ",1,,1,,14,4,,,154000,,1,0,360,0,1,1,4,1,2,1,,,,,,,,,,,,,888,4,,888,,,,1,,,95.6783076923077
134,88,2,8,1,2,1,2,4,5,3,1,4," ",37,1024,9,"7h00","17h00","888","888",1,,,1," ",24,0,,1,3,1,60,2,0,2," ",200000,1," ",40000,250,1,1,,,,,,,,,,,,,,," ",,,," ",,,," ",,," ",,,0,1," ",0,0,,,,0,," ",7," ",1,2,0,0,,,1,7,0,0,,,0,,,1,3,0,1,2,0,0,,,0,,,0,,,0,,,0,,,0,,,0,,,0,,,0,,,0,,,0,,,0,,,,,,,,,,,,,,,,,,,,,,," ",,1,1,1024,1,2,"B",,1,,,,,,,4,,,1,,,,," ",1,,,,,,," ",1,1,1," ",888," ",1,,2,,6,4,,,72000,,3,0,360,0,2,1,9,1,2,2,,,1,1,,,,,,,,,888,1,,888,,,,1,1,,5.43553831877729
137,89,3,1,1,2,1,2,6,4,555,11,4," ",51,1613,9,"7h00","17h00","888","888",1,,,1," ",24,0,,1,0,,,,0,1," ",200000,2," ",270000,888,1,0,,,,,,,,,,,,,,," ",,,," ",,,," ",,," ",,,0,4," ",0,0,,,,0,," ",7," ",1,22,0,0,,,0,,,0,,,0,,,1,104,0,1,1,0,1,1,0,0,,,0,,,0,,,0,,,0,,,1,15,0,0,,,0,,,1,1,0,0,,,0,,,,,,,,,,,,,,,,,,,,,,," ",,1,1,1613,1,2,"B",,1,,,,,,,6,,,,,,1,," ",1,,,,,,," ",1,1,1," ",888," ",1,,2,,13,4,,,130000,,2,0,360,0,2,1,6,1,2,1,,,,,,,,,,,,,2,1,,888,1,1,,1,,,23.9924330935252
143,90,3,1,2,2,1,1,6,3,5,7,4," ",57,1230,10,"7h00","17h00","888","888",1,,,1," ",23,0,,1,0,,,,0,1," ",100000,2," ",125000,284,1,1,,,,,,,,,,,,,,," ",,,," ",,,," ",,," ",,,0,1," ",0,0,,,,0,," ",7," ",1,12,0,0,,,0,,,0,,,0,,,1,53,0,1,2,0,1,1,0,0,,,0,,,0,,,0,,,0,,,1,10,0,0,,,0,,,1,1,0,0,,,0,,,,,,,,,,,,,,,,,,,,,,," ",,1,1,1230,1,2,"B",,1,,,,,,,5,,,,,,1,," ",1,,,,,,," ",1,1,1," ",888," ",1,,1,,16,4,,,160000,,2,0,240,0,2,1,6,1,2,1,,,,,,,,,,,,,2,1,,888,1,1,1,1,1,,129.616023809524
145,91,3,1,2,2,1,1,6,2,2,3,1," ",13,517,9,"7h20","17h00","888","888",1,,,1," ",22,0,,1,2,3,180,1,0,1," ",10000,5," ",30000,277,1,0,,,,,,,,,,,,,,," ",,,," ",,,," ",,," ",,,0,1," ",0,0,,,,0,," ",3," ",1,10,0,0,,,0,,,0,,,0,,,1,1,0,0,,,0,,,0,,,0,,,0,,,0,,,0,,,1,2,0,0,,,0,,,0,,,0,,,0,,,,,,,,,,,,,,,,,,,,,,," ",,1,1,130,1,2,"B",,1,,,,,,,2,,,,,1,1,," ",1,,,,,,," ",1,1,1," ",888," ",1,,1,,2,4,,,22000,,2,0,180,0,2,1,6,1,2,1,,,,,,,,,,,,,888,1,,888,1,1,1,1,,,143.114677419355
146,92,3,1,1,2,1,1,6,1,1,2,2," ",46,700,10,"6h45","17h00","888","888",1,,,1," ",23,1,3,1,3,2,120,2,0,1," ",200000,2," ",200000,255,1,1,,,,,,,,,,,,,,," ",,,," ",,,," ",,," ",,,1,1," ",0,0,,,,0,," ",3," ",1,36,0,1,14,0,0,,,0,,,0,,,1,3,0,1,1,0,0,,,0,,,0,,,0,,,0,,,0,,,1,11,0,0,,,1,1,0,0,,,0,,,0,,,,,,,,,,,,,,,,,,,,,,," ",,1,1,137,1,2,"B",,1,,,,,,,3,,,,,,1,," ",1,,,,,,," ",1,1,1," ",888," ",1,,2,,1,4,,,11000,,2,0,300,0,1,1,5,1,2,1,,,,,,,,,,,,,1,1,,111,,,1,,,,19.6108301886792
149,93,3,1,2,2,4,1,6,4,3,2,2," ",15,263,9,"7h20","17h00","888","888",1,,,1," ",24,0,,1,1,0,10,1,0,1," ",100000,555,"facility",120000,268,1,1,,,,,,,,,,,,,,," ",,,," ",,,," ",,," ",,,0,1," ",0,0,,,,0,," ",7," ",0,,,0,,,0,,,1,6,0,1,1,0,1,103,1,1,1,1,1,2,0,0,,,0,,,0,,,0,,,0,,,1,10,0,0,,,0,,,1,2,0,0,,,0,,,,,,,,1,1,,,,,,,,,,,,,2," ",1,1,1,263,1,2,"A",1,,,,,,,,2,,,,,1,1,," ",1,,,,,,," ",1,1,1," ",888," ",1,,1,,5,4,,,55000,,1,0,180,0,2,1,3,1,2,1,,,,,,,,,,,,,888,2,,111,,,1,1,,,7.28915877551021
150,94,3,1,2,2,2,2,3,6,3,1,4," ",28,624,9,"7h20","17h00","888","888",0,1,,," ",,,,,,,,,,," ",,," ",,,,,,,,,,,,,,,,,,," ",,,," ",,,," ",,," ",,,,," ",,,,,,,," ",," ",,,,,,,,,,,,,,,,,,,,,,,,,,,,,,,,,,,,,,,,,,,,,,,,,,,,,,,,,,,,,,,,,,,,,,,,,,,,,," ",,1,1,624,1,2,"A",1,,,,,,,,4,,,,,1,1,," ",1,,,,,,," ",1,1,1," ",888," ",1,,2,,5,4,,,55000,,1,0,240,0,2,1,3,1,2,1,,,,,,,,,,,,,888,1,,111,1,1,1,1,,,84.5583622641509
159,95,3,2,2,2,3,1,6,4,1,9,4," ",52,1780,9,"7h20","17h00","888","888",1,,,1," ",24,0,,1,1,1,60,3,0,1," ",100000,555,"the facility",300000,888,1,0,,,,,,,,,,,,,,," ",,,," ",,,," ",,," ",,,0,5," ",1,0,,,,0,," ",5," ",0,,,1,4,1,0,,,1,10,0,0,,,1,103,0,1,1,0,1,1,0,0,,,0,,,0,,,0,,,0,,,1,5,0,0,,,0,,,0,,,0,,,0,,,,1,,,,,,,,,,,,,,,,,,3," ",1,1,1,800,1,1,"B",,1,,,,,,,4,,,,,1,,," ",1,,,,,,," ",1,1,1," ",888," ",1,,1,,15,4,,,150000,,1,0,300,0,2,1,2,1,2,1,,,,,,,,,,,,,888,1,,111,1,,1,1,,,112.320421052632
160,96,3,2,2,2,1,1,6,4,1,7,2," ",42,1100,9,"6h30","17h00","888","888",1,,,1," ",24,0,,1,2,0,5,888,0,1," ",100000,1," ",40000,253,1,0,,,,,,,,,,,,,,," ",,,," ",,,," ",,," ",,,0,1," ",0,0,,,,1,3," ",7," ",0,,,0,,,0,,,0,,,1,1,0,1,60,0,0,,,1,2,0,0,,,0,,,0,,,0,,,0,,,0,,,0,,,1,1,0,1,7,0,0,,,0,,,,,,,,,,,,,,,,,,,,,,," ",,1,1,1000,1,2,"B",,1,,,,,,,5,,,,,,1,," ",1,,,,,,," ",1,1,1," ",888," ",1,,1,,15,4,,,150000,,2,0,180,0,2,1,4,1,2,1,,,,,,,,,,,,,888,3,,888,,,1,,,,147.572481927711
162,97,3,3,2,2,5,1,6,3,4,3,1," ",18,568,9,"7h20","17h00","888","888",1,,,6," ",12,0,,0,,,,,1,," ",,," ",,,,,,1,,,,1,,,62019,1,,1,3,4," ",0,,," ",,,5," ",0,2," ",0,,0,5," ",1,0,,,,0,," ",6," ",0,,,0,,,0,,,0,,,0,,,1,1,1,0,,,0,,,0,,,0,,,0,,,0,,,0,,,1,2,1,0,,,0,,,0,,,0,,,0,,,,,,,,1,,,,,,,,1,,,,,,3," ",0,1,1,280,1,2,"B",,1,,,,,,,2,,,,,1,,," ",1,,,,,,," ",1,1,1," ",888," ",1,,1,,4,4,,,44000,,1,0,180,0,2,1,3,1,3,2,,,1,1,,,,,,,,,888,3,,888,1,,1,1,,,184.221032258065
163,98,3,3,1,2,3,2,7,2,1,18,2," ",32,769,9,"8h00","16h40","888","888",1,,,1," ",24,0,,1,1,1,60,3,0,1," ",600000,555,"the facility",7800000,255,1,1,,,,,,,,,,,,,,," ",,,," ",,,," ",,," ",,,1,4," ",1,0,,,,1,3," ",5," ",0,,,0,,,0,,,1,10,0,1,1,0,1,105,0,1,1,0,1,1,0,0,,,1,12,0,0,,,0,,,0,,,1,99,0,0,,,0,,,1,5,0,1,1,0,1,1,0,,,,,,,,,,,,,,,,,,,,," ",,1,3,769,2,2,"A",1,,,,,,,,5,,,,,,1,," ",1,,,,,,," ",1,1,1," ",888," ",1,,2,,16,4,,,160000,,1,90,240,60,2,1,3,1,2,1,,,,,,,,,,,,,888,3,,111,1,1,1,1,1,,17.2384463414634
164,99,3,3,1,2,1,2,6,3,5,4,2," ",26,500,12,"7h00","17h00","888","888",1,,,1," ",12,0,,1,2,0,30,2,0,1," ",500000,1," ",500000,255,1,0,,,,,,,,,,,,,,," ",,,," ",,,," ",,," ",,,0,1," ",0,0,,,,1,3," ",7," ",1,29,1,1,15,0,0,,,0,,,1,1,0,1,75,0,1,4,1,1,1,0,0,,,0,,,0,,,1,1,0,1,1,0,0,,,0,,,0,,,1,3,0,0,,,0,,,1,,,,,,1,,,,,,,,,,,,,555,"All are working",0,1,3,320,2,2,"B",,1,,,,,,,5,,,,,,1,," ",1,,,,,,," ",1,1,1," ",888," ",1,,2,,8,4,,,104000,,1,60,120,120,1,1,4,1,2,1,,,,,,,,,,,,,888,1,,888,,1,,1,,,27.1421528455285
165,100,3,3,1,2,1,2,6,4,1,4,1," ",27,597,12,"7h00","17h00","888","888",1,,,1," ",24,0,,1,0,,,,0,1," ",175750,1," ",4000,250,1,1,,,,,,,,,,,,,,," ",,,," ",,,," ",,," ",,,0,1," ",0,0,,,,0,," ",7," ",1,20,1,0,,,1,2,0,0,,,0,,,1,113,1,0,,,1,2,0,0,,,0,,,0,,,0,,,0,,,0,,,0,,,0,,,0,,,0,,,0,,,1,,,,,1,,,,,,,,,,,,,,3," ",1,1,1,597,1,2,"A",1,,,,,,,,4,,,,,1,1,," ",1,,,,,,," ",1,1,1," ",888," ",1,,1,,9,4,,,99000,,3,0,180,0,2,1,4,1,2,1,,,,,,,,,,,,,1,2,,111,1,1,1,,1,,30.559265408805
167,101,3,3,2,2,1,1,6,3,1,0,1," ",20,538,9,"6h20","18h00","888","888",0,1,,," ",,,,,,,,,,," ",,," ",,,,,,,,,,,,,,,,,,," ",,,," ",,,," ",,," ",,,,," ",,,,,,,," ",," ",,,,,,,,,,,,,,,,,,,,,,,,,,,,,,,,,,,,,,,,,,,,,,,,,,,,,,,,,,,,,,,,,,,,,,,,,,,,,," ",,1,1,538,1,2,"B",,1,,,,,,,4,,,,,,1,," ",1,,,,,,," ",1,1,1," ",888," ",1,,1,,10,4,,,110000,,3,0,360,0,2,1,8,1,2,1,,,,,,,,,,,,,888,2,,888,1,1,,1,,,121.961137254902
168,102,3,3,1,2,1,1,6,4,1,3,2," ",49,1750,12,"7h00","17h00","888","888",1,,,1," ",23,0,,1,1,1,60,2,0,1," ",200000,1," ",30000,888,1,0,,,,,,,,,,,,,,," ",,,," ",,,," ",,," ",,,0,1," ",0,0,,,,0,," ",3," ",1,12,0,0,,,0,,,0,,,1,1,0,1,100,1,1,1,0,0,,,0,,,0,,,0,,,0,,,0,,,1,6,1,0,,,0,,,1,2,0,0,,,0,,,,,,,,1,,,,,,,,1,,,,,,2," ",0,1,1,1270,1,2,"B",,1,,,,,,,5,,,,,1,1,," ",1,,,,,,," ",1,1,1," ",888," ",1,,2,,8,4,,,88000,,2,0,60,0,2,1,2,1,3,1,,,,,,,,,,,,,888,1,,888,,,,1,,,7.21586578366446
169,103,3,3,1,2,1,1,6,4,3,11,1," ",38,1678,12,"7h20","12h20","14h00","17h00",1,,,1," ",24,0,,1,0,,,,0,1," ",50000,1," ",5000,255,1,0,,,,,,,,,,,,,,," ",,,," ",,,," ",,," ",,,0,1," ",0,0,,,,0,," ",2," ",0,,,0,,,1,18,0,0,,,1,2,1,1,256,0,1,1,0,1,1,0,0,,,0,,,0,,,0,,,0,,,0,,,0,,,0,,,0,,,0,,,0,,,,,,,1,,,,,,,,,,,,,,,2," ",0,1,1,564,1,2,"B",,1,,,,,,,4,,,,,1,1,," ",1,,,,,,," ",1,1,1," ",888," ",1,,1,,8,4,,,80000,,3,0,180,0,2,1,5,1,2,2,,,1,,,,,,,,,,888,1,,111,1,1,1,1,,,22.0445028571429
171,104,3,3,1,2,1,1,6,3,5,7,2," ",29,241,12,"7h00","16h30","888","888",1,,,1," ",24,0,,1,1,2,120,1,0,1," ",200000,1," ",200000,255,1,1,,,,,,,,,,,,,,," ",,,," ",,,," ",,," ",,,0,1," ",0,0,,,,1,3," ",7," ",0,,,1,70,1,0,,,1,20,0,1,1,0,1,30,0,1,4,0,1,1,0,0,,,0,,,0,,,0,,,0,,,0,,,0,,,0,,,1,1,0,0,,,0,,,,1,,,,,,,,,,,,,,,,,,2," ",,1,3,241,2,2,"A",1,,,,,,,,4,,,,,1,,," ",1,,,,,,," ",1,1,1," ",888," ",1,,1,,9,4,,,99000,,2,60,180,90,1,1,3,1,3,1,,,,,,,,,,,,,888,1,,111,,,1,,,,16.8267534626039
172,105,3,3,1,2,1,1,6,4,1,4,555,"Nursery School",6,79,10,"7h00","16h00","888","888",1,,,1," ",24,0,,1,0,,,,0,1," ",50000,1," ",50000,255,1,0,,,,,,,,,,,,,,," ",,,," ",,,," ",,," ",,,0,5," ",0,0,,,,0,," ",5," ",0,,,0,,,1,2,0,0,,,0,,,0,,,1,1,0,0,,,0,,,0,,,0,,,0,,,0,,,0,,,0,,,0,,,0,,,0,,,0,,,,,,,,,,,,,,,,,,,,,,," ",,0,,,,," ",,,,,,,,,,,,,,,,," ",,,,,,,," ",,,," ",," ",,,,,,,,,,,,,,,,,,,,,,,,,,,,,,,,,,,,,,,,,,,8.8548862745098
174,106,3,3,1,2,1,1,6,4,5,2,1," ",56,800,9,"7h30","16h30","888","888",1,,,1," ",24,1,2,1,0,,,,0,1," ",100000,1," ",100000,292,1,1,,,,,,,,,,,,,,," ",,,," ",,,," ",,," ",,,0,1," ",0,0,,,,0,," ",7," ",0,,,1,8,0,0,,,0,,,0,,,1,15,0,1,2,0,1,1,0,0,,,0,,,0,,,0,,,0,,,0,,,0,,,0,,,0,,,0,,,0,,,,,,,,,,,,,,,,,,,,,,," ",,1,2,535,1,1,"B",,1,,,,,,,3,,1,,,1,,," ",1,,,,,,," ",1,1,1," ",888," ",1,,2,,7,4,,,84000,,2,180,180,888,2,1,9,1,2,2,,,,1,1,,,,,,,,888,1,,888,,1,,,,,11.7204483568075
175,107,3,3,1,2,7,1,6,2,555,21,1," ",28,1229,9,"7h00","12h00","14h00","17h00",1,,,1," ",12,0,,1,1,0,55,3,0,1," ",50000,555,"facility",240000,294,1,1,,,,,,,,,,,,,,," ",,,," ",,,," ",,," ",,,0,1," ",1,0,,,,0,," ",555,"delay in intervention",0,,,0,,,0,,,1,71,1,0,,,1,283,1,1,1,1,1,1,1,0,,,0,,,0,,,0,,,0,,,1,20,1,0,,,0,,,0,,,0,,,0,,,,,,1,,1,1,1,,,,,,1,,,,,,2," ",1,1,1,1229,1,1,"A",1,,,,,,,,5,,,,,,1,," ",1,,,,,,," ",1,1,1," ",888," ",1,,1,,20,4,,,200000,,3,0,300,0,2,1,3,1,2,1,,,,,,,,,,,,,888,555,,111,,,1,,,,13.050107253886
177,108,3,4,2,2,1,2,6,3,5,6,4," ",84,2670,12,"7h00","17h00","888","888",1,,,1," ",24,0,,1,2,0,20,1,0,1," ",100000,1," ",10000,255,1,0,,,,,,,,,,,,,,," ",,,," ",,,," ",,," ",,,0,4," ",0,0,,,,0,," ",7," ",0,,,0,,,0,,,1,18,0,0,,,1,263,0,1,1,0,1,3,0,0,,,0,,,0,,,0,,,0,,,0,,,0,,,0,,,1,1,0,0,,,0,,,,,,,,,,,,,,,,,,,,,,," ",,1,1,2670,1,2,"B",,1,,,,,,,6,,,,,1,1,," ",1,,,,,,," ",1,1,1," ",888," ",1,,3,,8,4,,,80000,,3,0,180,0,2,1,4,1,3,1,,,,,,,,,,,,,888,1,,888,1,,,,1,,113.6677875
179,109,3,4,2,2,1,1,4,6,1,10,1," ",23,800,9,"7h00","17h00","888","888",0,1,,," ",,,,,,,,,,," ",,," ",,,,,,,,,,,,,,,,,,," ",,,," ",,,," ",,," ",,,,," ",,,,,,,," ",," ",,,,,,,,,,,,,,,,,,,,,,,,,,,,,,,,,,,,,,,,,,,,,,,,,,,,,,,,,,,,,,,,,,,,,,,,,,,,,," ",,1,1,772,1,2,"A",1,,,,,,,,4,,,,,,1,," ",1,,,,,,," ",1,1,1," ",888," ",1,,2,,6,4,,,66000,,3,0,180,0,2,1,6,1,2,1,,,,,,,,,,,,,1,1,,888,1,1,1,1,,,91.1654625
180,110,3,4,1,2,1,1,3,6,4,4,1," ",39,1535,12,"7h00","12h20","14h00","17h00",1,,,1," ",24,0,,1,0,,,,0,1," ",50000,1," ",20000,270,1,0,,,,,,,,,,,,,,," ",,,," ",,,," ",,," ",,,0,1," ",0,0,,,,0,," ",7," ",0,,,0,,,1,4,0,0,,,0,,,1,132,0,1,1,0,0,,,0,,,0,,,0,,,0,,,0,,,1,1,0,0,,,0,,,0,,,0,,,0,,,,,,,,,,,,,,,,,,,,,,," ",,1,1,950,1,2,"B",,1,,,,,,,4,,,,1,,,," ",1,,,,,,," ",1,1,1," ",888," ",1,,1,,12,4,,,132000,,3,0,60,0,2,1,5,1,1,2,,,,1,,,,,,,,,2,3,,888,1,1,1,1,1,,24.0643146067416
181,111,3,4,2,2,1,1,4,6,2,13,1," ",19,573,11,"7h00","17h00","888","888",0,1,,," ",,,,,,,,,,," ",,," ",,,,,,,,,,,,,,,,,,," ",,,," ",,,," ",,," ",,,,," ",,,,,,,," ",," ",,,,,,,,,,,,,,,,,,,,,,,,,,,,,,,,,,,,,,,,,,,,,,,,,,,,,,,,,,,,,,,,,,,,,,,,,,,,,," ",,1,1,200,1,2,"B",,1,,,,,,,2,,,,,1,,," ",1,,,,,,," ",1,1,1," ",888," ",1,,1,,3,4,,,33000,,3,0,120,0,1,1,4,1,1,1,,,,,,,,,,,,,2,2,,111,,,1,,1,,175.267767857143
182,112,3,5,2,2,3,1,6,4,1,1,4," ",53,1442,9,"7h20","17h00","888","888",1,,,1," ",24,0,,1,1,1,60,2,0,1," ",100000,555,"The facility",360000,256,1,1,,,,,,,,,,,,,,," ",,,," ",,,," ",,," ",,,0,1," ",0,0,,,,0,," ",555,"Abrupt Blackout",0,,,1,18,0,0,,,0,,,0,,,1,57,1,1,1,1,1,1,1,0,,,0,,,0,,,0,,,0,,,0,,,0,,,0,,,1,1,0,1,1,0,0,,,,,,,,1,1,1,,,,,,,,,,,,555,"Nothing",1,1,1,800,1,1,"A",1,,,,,,,,4,,,,,,1,," ",1,,,,,,," ",1,1,1," ",888," ",1,,2,,5,4,,,50000,,1,0,180,0,2,1,4,2,2,1,,,,,,,,,,,,,888,1,,111,1,,,1,,,166.146574074074
183,113,3,5,2,2,5,1,6,4,1,1,4," ",35,928,9,"7h20","17h00","888","888",1,,,4," ",24,0,,0,,,,,1,," ",,," ",,,,,1,,,,1,,,,72014,1,,1,2,4," ",0,,," ",,,555,"Sun Company",1,2," ",0,,0,5," ",1,0,,,,0,," ",7," ",0,,,0,,,0,,,1,15,0,0,,,1,112,1,1,1,1,1,1,0,0,,,0,,,0,,,0,,,0,,,1,10,0,0,,,0,,,0,,,0,,,0,,,,,,,,1,1,,,,,,,,,,,,,555,"Means",1,1,1,706,1,1,"A",1,,,,,,,,4,,,,,1,1,," ",1,,,,,,," ",1,1,1," ",888," ",1,,1,,10,4,,,90000,,1,0,120,0,2,1,2,1,3,1,,,,,,,,,,,,,888,555,,888,,,1,1,,,142.1882875
184,114,3,5,2,2,2,2,3,3,5,6,2," ",36,1245,9,"7h20","17h00","888","888",0,1,,," ",,,,,,,,,,," ",,," ",,,,,,,,,,,,,,,,,,," ",,,," ",,,," ",,," ",,,,," ",,,,,,,," ",," ",,,,,,,,,,,,,,,,,,,,,,,,,,,,,,,,,,,,,,,,,,,,,,,,,,,,,,,,,,,,,,,,,,,,,,,,,,,,,," ",,1,1,696,1,2,"A",1,,,,,,,,5,,,,,1,1,," ",1,,,,,,," ",1,1,1," ",888," ",1,,2,,5,4,,,55000,,1,0,240,0,2,3,,1,3,1,,,,,,,,,,,,,888,555,,111,,,,1,1,,132.641397129187
185,115,3,5,1,2,8,2,6,4,4,12,3," ",32,186,10,"7h00","17h00","888","888",1,,,1," ",24,0,,1,1,1,60,2,0,1," ",150000,555,"the facility",1500000,291,1,1,,,,,,,,,,,,,,," ",,,," ",,,," ",,," ",,,1,1," ",1,0,,,,0,," ",5," ",0,,,1,10,1,0,,,1,70,1,1,1,1,1,67,1,1,2,1,1,4,1,0,,,0,,,0,,,0,,,0,,,1,30,1,0,,,0,,,1,1,1,1,1,1,0,,,,1,,1,1,1,1,1,,,,,,1,,,1,1,,2," ",1,1,3,186,2,1,"A",1,,,,,,,,2,,,,,,1,," ",1,,,,,,," ",1,1,1," ",888," ",1,,2,,3,4,,,36000,,1,120,120,60,2,1,2,1,2,1,,,,,,,,,,,,,888,1,,111,,,1,1,1,,6.94327538461538
186,116,3,5,2,2,1,1,6,4,1,1,4," ",33,1108,9,"6h40","17h00","888","888",1,,,1," ",24,0,,1,1,0,10,1,0,1," ",100000,2," ",15000,250,1,1,,,,,,,,,,,,,,," ",,,," ",,,," ",,," ",,,0,1," ",0,0,,,,0,," ",2," ",0,,,0,,,0,,,0,,,0,,,1,150,0,1,1,0,0,,,0,,,0,,,0,,,0,,,0,,,0,,,0,,,0,,,0,,,0,,,0,,,,,,,,,,,,,,,,,,,,,,," ",,1,2,800,1,1,"B",,1,,,,,,,4,,,,1,,,," ",1,,,,,,," ",1,1,1," ",888," ",1,,1,,22,4,,,242000,,2,120,180,60,2,1,3,1,2,2,,,,1,1,,,,,,,,1,3,,888,,,1,,,,71.7433459770115
187,117,3,6,1,2,1,2,6,4,5,8,1," ",68,1451,12,"6h00","18h00","888","888",1,,,1," ",24,1,3,1,0,,,,0,1," ",50000,555," Local representative /official of energy company (REG)",60000,278,1,1,,,,,,,,,,,,,,," ",,,," ",,,," ",,," ",,,0,1," ",0,0,,,,1,3," ",2," ",0,,,0,,,0,,,0,,,1,2,0,1,58,1,1,2,0,1,1,0,0,,,0,,,0,,,0,,,0,,,0,,,0,,,0,,,1,2,0,0,,,0,,,,,,,,1,,,,,,,,,,,,,,2," ",0,1,1,1451,1,2,"B",,1,,,,,,,4,,,,,,1,," ",1,,,,,,," ",1,1,1," ",888," ",1,,2,,10,4,,,110000,,2,0,240,0,2,1,5,1,3,1,,,,,,,,,,,,,555,2,,555,,,1,,,,18.0034357798165
188,118,3,6,2,2,1,1,6,4,5,3,3," ",43,450,10,"7h00","17h00","888","888",1,,,1," ",20,0,,1,0,,,,0,1," ",1200000,1," ",2660000,255,1,0,,,,,,,,,,,,,,," ",,,," ",,,," ",,," ",,,0,1," ",0,0,,,,0,," ",5," ",0,,,1,70,0,0,,,0,,,1,1,0,1,61,0,1,1,0,1,3,0,0,,,0,,,0,,,0,,,0,,,1,30,0,0,,,0,,,1,2,0,0,,,0,,,,,,,,,,,,,,,,,,,,,,," ",,1,3,450,2,2,"B",,1,,,,,,,3,,,,,,1,," ",1,,,,,,," ",1,1,1," ",888," ",1,,1,,23,4,,,207000,,2,90,60,60,2,1,3,1,3,1,,,,,,,,,,,,,888,3,,888,,,,,1,,130.290494845361
189,119,3,6,1,2,1,2,6,4,1,12,2," ",37,1045,12,"7h00","17h00","888","888",1,,,1," ",12,0,,1,1,2,120,2,0,1," ",200000,2," ",25000,238,1,0,,,,,,,,,,,,,,," ",,,," ",,,," ",,," ",,,0,1," ",1,0,,,,0,," ",6," ",0,,,1,8,0,0,,,0,,,0,,,1,246,0,1,1,1,1,1,0,0,,,0,,,0,,,0,,,0,,,0,,,0,,,1,2,0,1,1,1,0,,,0,,,,,,,,,1,,,,,,,,,,1,,,555,"No others",0,1,1,1045,1,1,"B",,1,,,,,,,5,,,,,1,1,," ",1,,,,,,," ",1,1,1," ",888," ",1,,1,,13,4,,,143000,,3,0,60,0,1,1,3,1,3,1,,,,,,,,,,,,,888,2,,888,1,1,1,1,1,,16.2242746478873
190,120,3,6,2,2,1,1,7,2,1,13,4," ",32,112,10,"6h20","18h00","888","888",1,,,1," ",24,0,,1,1,1,60,1,0,1," ",100000,1," ",19000,207,1,0,,,,,,,,,,,,,,," ",,,," ",,,," ",,," ",,,0,1," ",0,0,,,,0,," ",7," ",1,6,1,0,,,0,,,0,,,0,,,1,4,0,1,2,0,0,,,0,,,0,,,0,,,0,,,0,,,1,5,0,0,,,1,1,0,0,,,0,,,0,,,1,,,,,,,,,,,,,,,,,,,2," ",1,1,1,112,1,2,"A",1,,,,,,,,2,,,,,,1,," ",1,,,,,,," ",1,1,1," ",888," ",1,,2,,1,4,,,9000,,1,0,40,0,1,1,5,1,1,1,,,,,,,,,,,,,4,1,,888,,,1,,,,118.891666666667
192,121,3,6,1,2,1,2,6,3,1,3,2," ",32,920,9,"7h00","17h00","888","888",1,,,1," ",24,0,,1,0,,,,0,1," ",200000,1," ",5500,255,1,1,,,,,,,,,,,,,,," ",,,," ",,,," ",,," ",,,0,1," ",0,0,,,,0,," ",7," ",1,60,1,1,10,0,0,,,0,,,0,,,1,127,1,1,2,0,1,1,0,0,,,0,,,0,,,0,,,0,,,1,4,1,0,,,0,,,1,1,0,0,,,0,,,1,,,,,1,,,,,,,,1,,,,,,2," ",1,1,1,920,1,2,"B",,1,,,,,,,4,,,,,1,,," ",1,,,,,,," ",1,1,1," ",888," ",1,,1,,12,4,,,132000,,3,0,60,0,1,1,4,1,2,1,,,,,,,,,,,,,888,2,,888,,,1,1,,,27.7581730263158
194,122,3,6,2,2,1,1,6,4,1,3,2," ",15,134,9,"7h00","17h00","888","888",1,,,1," ",24,0,,1,0,,,,0,1," ",100000,555,"the facility",30000,277,1,0,,,,,,,,,,,,,,," ",,,," ",,,," ",,," ",,,0,1," ",1,0,,,,0,," ",5," ",0,,,1,5,0,1,50,0,0,,,1,1,0,1,27,0,1,1,1,1,2,1,0,,,0,,,0,,,0,,,0,,,1,2,0,0,,,0,,,1,2,1,0,,,0,,,,,,,,,1,1,,,,,,,,,1,,,3," ",0,1,3,134,2,2,"B",,1,,,,,,,3,,,,,1,1,," ",1,,,,,,," ",1,1,1," ",888," ",1,,1,,5,4,,,50000,,2,150,120,120,2,1,4,1,2,1,,,,,,,,,,,,,888,2,,888,1,1,1,1,,,159.81208
195,123,3,7,2,2,1,1,6,4,1,2,2," ",31,1696,9,"7h00","17h00","888","888",1,,,1," ",24,1,2,1,0,,,,0,1," ",100000,1," ",23300,255,1,0,,,,,,,,,,,,,,," ",,,," ",,,," ",,," ",,,0,1," ",1,0,,,,0,," ",7," ",0,,,0,,,1,15,0,0,,,0,,,1,200,0,1,2,1,0,,,1,5,0,0,,,0,,,0,,,0,,,1,8,0,0,,,1,1,0,1,2,0,0,,,0,,,,,,,,,1,,,,,,,,,,,,,3," ",,1,1,1696,1,2,"B",,1,,,,,,,6,,,,,,1,," ",1,,,,,,," ",1,1,1," ",888," ",1,,1,,21,4,,,189000,,1,0,180,0,2,1,3,1,2,1,,,,,,,,,,,,,888,4,,888,1,1,1,1,,,79.1392834437086
196,124,3,7,2,2,1,2,7,2,1,6,4," ",57,1686,10,"7h00","17h00","888","888",1,,,1," ",24,0,,1,0,,,,0,1," ",100000,1," ",1200000,289,1,1,,,,,,,,,,,,,,," ",,,," ",,,," ",,," ",,,0,1," ",0,0,,,,0,," ",3," ",0,,,1,30,1,1,8,0,0,,,0,,,1,247,1,1,1,0,1,2,1,0,,,0,,,0,,,0,,,0,,,1,10,0,0,,,1,1,0,1,2,0,0,,,0,,,,1,,,,1,,1,,,,,,,,,,,,2," ",0,1,1,1686,1,2,"B",,1,,,,,,,6,,,,,,1,," ",1,,,,,,," ",1,1,1," ",888," ",1,,1,,31,4,,,310000,,2,0,60,0,2,1,5,1,1,1,,,,,,,,,,,,,1,2,,888,1,,1,1,,,266.5758
197,125,3,7,2,2,1,2,6,4,555,9,4," ",37,1017,10,"7h00","17h00","888","888",1,,,1," ",24,0,,1,0,,,,0,1," ",2500000,1," ",30000,255,1,0,,,,,,,,,,,,,,," ",,,," ",,,," ",,," ",,,0,1," ",0,0,,,,0,," ",2," ",0,,,0,,,0,,,0,,,0,,,1,57,0,1,1,0,0,,,0,,,0,,,0,,,0,,,0,,,0,,,0,,,0,,,1,3,0,0,,,0,,,,,,,,,,,,,,,,,,,,,,," ",,1,1,325,1,2,"A",1,,,,,,,,2,,,,1,1,,," ",1,,,,,,," ",1,1,1," ",888," ",1,,1,,5,4,,,45000,,2,0,360,0,2,1,2,2,1,2,1,,1,1,,,,,,,,,888,3,,888,,,,1,,,159.770092307692
198,126,3,7,2,2,1,2,6,4,1,13,4," ",35,1176,12,"7h00","17h00","888","888",1,,,1," ",24,0,,1,0,,,,0,1," ",100000,1," ",20000,255,1,1,,,,,,,,,,,,,,," ",,,," ",,,," ",,," ",,,0,1," ",0,0,,,,0,," ",5," ",0,,,0,,,0,,,0,,,0,,,1,105,1,1,1,0,0,,,0,,,0,,,0,,,0,,,0,,,1,3,0,0,,,1,1,0,1,2,0,0,,,0,,,,,,,,1,,,,,,,,,,,,,,2," ",1,1,1,1176,1,2,"A",1,,,,,,,,5,,,,,1,1,," ",1,,,,,,," ",1,1,1," ",888," ",1,,1,,18,4,,,180000,,3,0,60,0,2,1,6,1,3,1,,,,,,,,,,,,,2,1,,888,,,,,,555,134.400469090909
199,127,4,1,2,2,1,1,6,4,3,1,2," ",35,940,12,"7h00","17h00","888","888",1,,,1," ",24,1,3,1,2,1,60,2,0,1," ",100000,1," ",100000,255,1,0,,,,,,,,,,,,,,," ",,,," ",,,," ",,," ",,,0,1," ",0,0,,,,0,," ",7," ",1,14,1,0,,,0,,,0,,,0,,,1,8,0,1,2,1,1,1,1,0,,,0,,,0,,,0,,,0,,,1,96,1,0,,,0,,,1,2,0,0,,,0,,,1,,,,,,1,1,,,,,,1,,,,,,2," ",1,1,3,940,1,2,"B",,1,,,,,,,4,,,,,,1,," ",1,,,,,,," ",1,1,1," ",888," ",1,,1,,41,4,,,410000,,3,90,300,60,2,1,4,1,2,1,,,,,,,,,,,,,888,1,,111,,,,,,555,185.23665
200,128,4,1,2,2,2,1,6,4,1,1,1," ",16,612,9,"7h00","17h00","888","888",1,,,1," ",19,0,,1,0,,,,0,1," ",48000,1," ",4000,888,1,0,,,,,,,,,,,,,,," ",,,," ",,,," ",,," ",,,0,1," ",0,0,,,,0,," ",3," ",1,15,0,0,,,0,,,0,,,0,,,1,2,0,1,2,0,0,,,0,,,0,,,0,,,0,,,0,,,1,2,0,0,,,0,,,0,,,0,,,0,,,,,,,,,,,,,,,,,,,,,,," ",,1,1,612,1,2,"B",,1,,,,,,,3,,,,,,1,," ",1,,,,,,," ",1,1,1," ",888," ",1,,2,,4,4,,,36000,,2,0,300,0,1,1,5,1,2,1,,,,,,,,,,,,,888,1,,888,1,1,1,1,1,,76.3218756302521
202,129,4,1,1,2,1,2,6,3,4,14,2," ",52,600,12,"7h30","16h00","888","888",1,,,1," ",24,0,,1,0,,,,0,1," ",350000,3," ",320000,255,1,1,,,,,,,,,,,,,,," ",,,," ",,,," ",,," ",,,0,1," ",0,0,,,,1,3," ",7," ",1,98,1,1,90,1,1,50,1,1,7,1,1,1,0,1,240,0,1,2,1,1,6,0,0,,,0,,,0,,,1,3,1,1,3,0,1,50,0,0,,,1,8,0,1,7,0,0,,,1,4,0,1,1,1,1,,,1,,,,,1,,,,,,,,2," ",1,1,3,600,2,2,"B",,1,,,,,,,6,1,1,,,,,," ",1,,,,,,," ",1,1,1," ",888," ",1,,2,,13,4,,,130000,,2,120,240,240,1,1,4,1,1,2,,,,1,1,1,,,,,,,1,1,,888,,1,1,,,,9.64490152671756
203,130,4,1,2,2,2,2,6,4,3,2,4," ",51,1236,12,"7h00","17h00","888","888",1,,,1," ",24,0,,1,0,,,,0,1," ",100000,1," ",15000,255,1,1,,,,,,,,,,,,,,," ",,,," ",,,," ",,," ",,,0,1," ",0,0,,,,0,," ",7," ",0,,,1,1,0,0,,,1,30,0,1,1,1,1,111,0,1,1,0,0,,,0,,,0,,,0,,,0,,,0,,,0,,,0,,,0,,,1,8,0,0,,,0,,,,,,,1,,,,,,,,,,,,,,,555,"Not needed",1,1,1,1236,1,2,"B",,1,,,,,,,5,,1,,,,1,," ",1,,,,,,," ",1,1,1," ",888," ",1,,1,,15,4,,,150000,,3,0,120,0,2,1,3,2,3,1,,,,,,,,,,,,,888,4,,888,,,1,,,,116.712714285714
204,131,4,2,2,2,1,1,6,4,5,14,4," ",47,1279,10,"7h00","17h00","888","888",1,,,1," ",24,0,,1,1,0,15,1,0,1," ",100000,2," ",100000,269,1,1,,,,,,,,,,,,,,," ",,,," ",,,," ",,," ",,,0,1," ",0,0,,,,0,," ",3," ",0,,,1,1,0,1,6,0,0,,,1,1,0,1,56,0,1,1,0,1,2,0,0,,,0,,,0,,,0,,,0,,,0,,,0,,,0,,,1,1,0,0,,,0,,,,,,,,,,,,,,,,,,,,,,," ",,1,1,1279,1,2,"B",,1,,,,,,,5,,,,1,1,1,," ",1,,,,,,," ",1,1,1," ",888," ",1,,1,,19,4,,,190000,,1,0,180,0,2,1,5,1,2,2,,,1,1,,,,,,1,1,,4,3,,111,,,1,,1,,88.2872234042553
205,132,4,2,2,2,1,1,3,6,4,0,1," ",19,437,10,"7h00","17h00","888","888",0,1,,," ",,,,,,,,,,," ",,," ",,,,,,,,,,,,,,,,,,," ",,,," ",,,," ",,," ",,,,," ",,,,,,,," ",," ",,,,,,,,,,,,,,,,,,,,,,,,,,,,,,,,,,,,,,,,,,,,,,,,,,,,,,,,,,,,,,,,,,,,,,,,,,,,,," ",,1,1,437,1,1,"B",,1,,,,,,,2,,,,,1,1,," ",1,,,,,,," ",1,1,1," ",888," ",1,,1,,7,4,,,63000,,2,0,888,0,2,1,5,1,2,2,,,1,1,,,,,,,,,1,4,,111,1,1,1,1,,,182.426832
206,133,4,2,2,2,1,1,6,4,1,13,4," ",42,835,9,"7h00","17h00","888","888",1,,,1," ",24,1,1,1,0,,,,0,1," ",100000,2," ",30000,888,1,1,,,,,,,,,,,,,,," ",,,," ",,,," ",,," ",,,0,1," ",0,0,,,,0,," ",555,"No constraint",0,,,0,,,0,,,1,20,0,0,,,1,110,0,1,1,0,1,1,0,0,,,0,,,0,,,0,,,0,,,0,,,0,,,0,,,1,6,0,0,,,0,,,,,,,,,,,,,,,,,,,,,,," ",,1,1,435,1,2,"B",,1,,,,,,,2,,,,,1,1,," ",1,,,,,,," ",1,1,1," ",888," ",1,,2,,3,4,,,27000,,1,0,120,0,2,1,4,1,2,1,,,,,,,,,,,,,1,4,,888,,,1,1,,,139.53121875
207,134,4,2,2,2,1,1,6,4,1,2,1," ",10,280,10,"7h00","17h00","888","888",0,1,,," ",,,,,,,,,,," ",,," ",,,,,,,,,,,,,,,,,,," ",,,," ",,,," ",,," ",,,,," ",,,,,,,," ",," ",,,,,,,,,,,,,,,,,,,,,,,,,,,,,,,,,,,,,,,,,,,,,,,,,,,,,,,,,,,,,,,,,,,,,,,,,,,,,," ",,1,1,180,1,2,"A",1,,,,,,,,2,,1,,1,,,," ",1,,,,,,," ",1,1,1," ",888," ",1,,2,,1,4,,,10000,,3,0,888,0,2,1,1,1,2,2,,,1,1,,,,,,1,1,,1,4,,111,,,,,,555,151.801378881988
208,135,4,2,1,2,1,2,4,6,1,3,3," ",8,85,10,"7h00","16h30","888","888",1,,,1," ",24,0,,1,0,,,,0,1," ",888,2," ",3600000,250,1,1,,,,,,,,,,,,,,," ",,,," ",,,," ",,," ",,,0,1," ",0,0,,,,0,," ",7," ",0,,,1,15,0,1,20,0,0,,,1,2,0,1,15,0,1,2,0,0,,,0,,,0,,,0,,,0,,,0,,,0,,,0,,,0,,,1,1,0,0,,,0,,,,,,,,,,,,,,,,,,,,,,," ",,1,3,40,3,1,"AB",1,1,,,,,,,2,,,,,,1,," ",1,,,,,,," ",1,1,1," ",888," ",1,,1,,2,4,,,24000,,2,60,180,120,1,1,2,1,3,1,,,,,,,,,,,,,888,1,,2,1,1,1,1,,,11.9892
210,136,4,3,2,2,1,2,4,6,1,4,1," ",29,951,9,"8h00","17h40","888","888",1,,,1," ",24,1,3,1,6,3,180,2,0,2," ",5000,1," ",5000,888,1,0,,,,,,,,,,,,,,," ",,,," ",,,," ",,," ",,,0,4," ",1,0,,,,0,," ",7," ",1,3,0,1,3,0,0,,,0,,,0,,,1,133,0,1,1,0,1,1,0,0,,,0,,,0,,,0,,,0,,,1,5,0,0,,,0,,,0,,,0,,,0,,,,,,,,,,,,,,,,,,,,,,," ",,1,2,750,1,2,"B",,1,,,,,,,4,,,,,,1,," ",1,,,,,,," ",1,1,1," ",888," ",1,,1,,25,4,,,225000,,2,60,240,888,2,1,3,1,2,1,,,,,,,,,,,,,888,1,,111,1,1,1,1,,,52.2024086021505
214,137,4,3,1,2,1,1,3,3,4,4,1," ",51,1115,12,"6h30","17h00","888","888",1,,,1," ",12,1,3,1,5,1,60,2,0,1," ",2000000,1," ",6000,270,1,1,,,,,,,,,,,,,,," ",,,," ",,,," ",,," ",,,0,4," ",0,0,,,,0,," ",6," ",0,,,0,,,0,,,1,5,1,0,,,1,176,0,0,,,0,,,0,,,0,,,0,,,0,,,0,,,0,,,0,,,0,,,0,,,0,,,0,,,,,,1,,,,,,,,,,,,,,,,2," ",0,1,2,772,1,2,"A",1,,,,,,,,4,,,,1,,,," ",1,,,,,,," ",1,1,1," ",888," ",1,,2,,11,4,,,121000,,1,120,300,60,2,1,6,1,3,1,,,,,,,,,,,,,888,1,,888,,,,1,,,12.1581888235294
215,138,4,3,1,2,1,2,4,6,2,4,1," ",19,756,9,"7h00","17h40","888","888",1,,,1," ",24,0,,1,1,1,60,1,0,1," ",50000,1," ",135000,258,1,1,,,,,,,,,,,,,,," ",,,," ",,,," ",,," ",,,0,1," ",0,0,,,,0,," ",7," ",1,14,0,1,3,0,0,,,0,,,0,,,1,110,0,1,1,0,1,1,0,0,,,0,,,0,,,0,,,0,,,0,,,0,,,0,,,1,1,0,1,1,0,0,,,,,,,,,,,,,,,,,,,,,,," ",,1,1,150,1,2,"B",,1,,,,,,,2,,,,,,1,," ",1,,,,,,," ",1,1,1," ",888," ",1,,1,,2,4,,,24000,,2,0,300,0,2,1,5,1,2,1,,,,,,,,,,,,,888,1,,111,,,,1,,,5.1521799689441
216,139,4,3,1,2,1,2,6,4,2,19,555,"Maternelle",12,206,10,"7h00","17h00","888","888",1,,,1," ",24,0,,1,0,,,,0,1," ",467000,1," ",20000,257,1,1,,,,,,,,,,,,,,," ",,,," ",,,," ",,," ",,,0,1," ",0,0,,,,0,," ",7," ",0,,,1,12,0,1,1,0,0,,,0,,,1,1,1,1,1,0,0,,,0,,,0,,,0,,,0,,,0,,,0,,,0,,,0,,,0,,,0,,,0,,,,,,,,1,,,,,,,,,,,,,,2," ",1,1,2,206,1,2,"B",,1,,,,,,,3,,1,,,,,," ",1,,,,,,," ",1,1,1," ",888," ",1,,1,,6,4,,,66000,,2,180,180,888,2,1,2,1,3,2,,,,1,,,,,,,1,,4,1,,111,1,,,,,,10.5304336363636
219,140,4,3,2,2,1,1,4,6,1,3,1," ",26,793,12,"7h00","17h00","888","888",1,,,4," ",24,0,,0,,,,,1,," ",,," ",,,,,1,,,,1,,,,42019,1,,1,3,4," ",0,,," ",,,2," ",1,2," ",0,,1,1," ",1,0,,,,0,," ",7," ",0,,,0,,,1,17,0,0,,,0,,,1,1,0,0,,,1,3,0,0,,,0,,,0,,,0,,,0,,,0,,,0,,,1,2,0,0,,,0,,,0,,,,,,,,,,,,,,,,,,,,,,," ",,1,1,450,1,1,"B",,1,,,,,,,2,,,,,1,1,," ",1,,,,,,," ",1,1,1," ",888," ",1,,1,,5,4,,,50000,,2,0,180,0,2,1,6,1,2,1,,,,,,,,,,,,,4,1,,888,1,1,1,1,,,151.93865060241
220,141,4,3,1,2,1,1,4,6,1,5,1," ",39,1300,10,"6h00","18h00","888","888",1,,,1," ",24,0,,1,0,,,,0,1," ",2500000,1," ",15000,217,1,0,,,,,,,,,,,,,,," ",,,," ",,,," ",,," ",,,0,1," ",0,0,,,,0,," ",7," ",1,23,1,0,,,0,,,0,,,0,,,1,146,0,1,1,0,1,1,0,0,,,0,,,0,,,0,,,0,,,0,,,0,,,0,,,0,,,1,6,1,0,,,1,,,,,,,,,,,,,,,,,1,,3," ",1,1,1,1300,1,2,"B",,1,,,,,,,5,,,,,1,,," ",1,,,,,,," ",1,1,1," ",888," ",1,,1,,19,4,,,209000,,1,0,300,0,2,2,,1,3,1,,,,,,,,,,,,,1,1,,1,1,,,,,,7.68185333333333
220,142,4,3,1,2,2,2,4,6,1,5,1," ",28,810,12,"7h30","17h00","888","888",1,,,1," ",24,0,,1,0,,,,0,1," ",2000000,1," ",20000,255,1,1,,,,,,,,,,,,,,," ",,,," ",,,," ",,," ",,,0,1," ",1,1,0,,,1,111," ",1," ",0,,,0,,,0,,,1,32,1,0,,,1,175,1,1,1,1,0,,,0,,,0,,,0,,,0,,,0,,,1,1,1,1,1,0,0,,,0,,,0,,,0,,,,,,1,,1,1,,,,,,,1,,,,,,1," ",1,1,2,810,1,1,"B",,1,,,,,,,3,,,,,1,,," ",1,,,,,,," ",1,1,1," ",888," ",1,,1,,23,4,,,253000,,1,120,120,888,1,2,,1,2,1,,,,,,,,,,,,,1,1,,1,1,,,,,,7.68185333333333
221,143,4,3,1,2,1,2,6,4,1,16,4," ",42,1122,10,"7h00","17h00","888","888",1,,,1," ",24,0,,1,2,0,5,1,0,1," ",6300000,1," ",10000,217,1,1,,,,,,,,,,,,,,," ",,,," ",,,," ",,," ",,,0,1," ",0,0,,,,0,," ",6," ",0,,,0,,,0,,,1,13,1,0,,,1,185,1,1,1,0,0,,,0,,,0,,,0,,,0,,,0,,,0,,,0,,,0,,,0,,,1,3,0,0,,,,,,1,,1,,,,,,,,,,,,,,2," ",1,1,2,1122,1,2,"B",,1,,,,,,,5,,,,1,1,,," ",1,,,,,,," ",1,1,1," ",888," ",1,,1,,28,4,,,364000,,1,60,300,888,2,1,4,1,2,2,1,,1,,,,,,,,1,,1,3,,111,1,,1,,,,15.9206272727273
223,144,4,4,2,2,1,1,4,6,1,15,1," ",23,867,12,"7h20","17h00","888","888",1,,,1," ",24,0,,1,2,1,60,1,0,1," ",888,1," ",3000,200,1,0,,,,,,,,,,,,,,," ",,,," ",,,," ",,," ",,,0,1," ",0,0,,,,1,4," ",7," ",1,21,0,1,6,0,0,,,0,,,1,1,0,1,1,0,1,1,0,0,,,0,,,0,,,0,,,0,,,0,,,1,2,0,0,,,0,,,1,1,0,0,,,0,,,,,,,,,,,,,,,,,,,,,,," ",,1,1,867,1,2,"A",1,,,,,,,,4,,,,,,1,," ",1,,,,,,," ",1,1,1," ",888," ",1,,2,,6,4,,,66000,,3,0,888,0,2,1,6,1,2,1,,,,,,,,,,,,,1,1,,888,1,1,,1,,,325.358129032258
224,145,4,4,1,2,2,2,6,4,1,1,4," ",61,1951,9,"7h00","17h00","888","888",1,,,1," ",24,0,,1,1,0,30,1,0,1," ",888,1," ",50000,200,1,1,,,,,,,,,,,,,,," ",,,," ",,,," ",,," ",,,0,1," ",0,0,,,,0,," ",7," ",1,12,0,0,,,0,,,0,,,0,,,1,5,0,1,2,0,0,,,0,,,0,,,0,,,0,,,0,,,0,,,0,,,0,,,1,5,0,0,,,0,,,,,,,,,,,,,,,,,,,,,,," ",,1,1,1951,1,2,"B",,1,,,,,,,6,,,,,,1,," ",1,,,,,,," ",1,1,1," ",888," ",1,,1,,25,4,,,275000,,2,0,300,0,2,1,5,1,2,1,,,,,,,,,,,,,1,1,,888,1,1,,1,,,10.216724137931
225,146,4,4,2,2,1,2,6,2,1,3,1," ",30,1250,9,"7h20","17h00","888","888",1,,,4," ",12,1,2,0,,,,,1,," ",,," ",,,,,1,1,,,1,1,,,22017,1,,0,3,4," ",0,,," ",,,1," ",1,5," ",,,0,5," ",0,0,,,,0,," ",2," ",1,2,0,0,,,0,,,0,,,0,,,0,,,0,,,0,,,0,,,0,,,0,,,0,,,0,,,0,,,0,,,0,,,0,,,0,,,0,,,,,,,,,,,,,,,,,,,,,,," ",,1,1,1250,1,2,"B",,1,,,,,,,5,,,,,,1,," ",1,,,,,,," ",1,1,1," ",888," ",1,,1,,17,4,,,187000,,3,0,120,0,2,1,3,1,3,2,,,1,1,,,,,,1,,,888,3,,111,1,1,,1,,,90.7926956521739
226,147,4,4,2,2,1,1,3,6,3,1,1," ",22,768,10,"7h00","17h00","888","888",1,,,1," ",24,0,,1,3,0,20,1,0,1," ",888,2," ",888,888,1,0,,,,,,,,,,,,,,," ",,,," ",,,," ",,," ",,,0,1," ",0,0,,,,0,," ",5," ",0,,,0,,,1,5,0,0,,,0,,,1,278,0,0,,,0,,,0,,,0,,,0,,,0,,,0,,,0,,,0,,,0,,,1,1,0,0,,,0,,,,,,,,,,,,,,,,,,,,,,," ",,1,1,663,1,2,"B",,1,,,,,,,3,,,,1,1,1,," ",1,,,,,,," ",1,1,1," ",888," ",1,,1,,10,4,,,100000,,1,0,120,0,2,1,4,1,2,2,,,1,1,,,,,,1,1,,888,3,,111,1,,1,1,,,129.102220588235
227,148,4,4,2,2,1,1,6,4,1,11,4," ",29,696,9,"7h00","17h00","888","888",1,,,1," ",24,0,,1,0,,,,0,1," ",750000,2," ",25000,222,1,1,,,,,,,,,,,,,,," ",,,," ",,,," ",,," ",,,0,1," ",0,0,,,,0,," ",7," ",0,,,0,,,0,,,1,15,0,0,,,1,220,0,1,1,0,1,2,0,0,,,0,,,0,,,0,,,0,,,0,,,0,,,0,,,1,5,0,0,,,0,,,,,,,,,,,,,,,,,,,,,,," ",,1,1,696,1,2,"B",,1,,,,,,,4,,1,,1,1,,," ",1,,,,,,," ",1,1,1," ",888," ",1,,1,,12,4,,,108000,,1,0,120,0,2,1,2,1,2,2,,,1,1,,,,,,,,,1,4,,888,,,,,1,,81.5528605263158
228,149,4,4,2,2,1,1,3,6,4,2,1," ",9,314,10,"7h00","17h00","888","888",1,,,1," ",24,1,2,1,1,2,120,1,0,1," ",400000,2," ",400000,238,1,1,,,,,,,,,,,,,,," ",,,," ",,,," ",,," ",,,0,1," ",0,0,,,,0,," ",3," ",0,,,0,,,0,,,1,7,0,0,,,1,1,0,0,,,0,,,0,,,0,,,0,,,0,,,0,,,0,,,0,,,0,,,0,,,0,,,0,,,,,,,,,,,,,,,,,,,,,,," ",,1,1,314,1,2,"B",,1,,,,,,,2,,,,,1,1,," ",1,,,,,,," ",1,1,1," ",888," ",1,,1,,4,4,,,36000,,3,0,888,0,2,1,5,1,2,2,,,1,1,,,,,,1,1,,888,4,,888,1,1,1,1,,,119.497333333333
229,150,4,5,1,2,1,2,4,6,5,8,555,"Nursery School",8,104,11,"7h00","17h40","888","888",1,,,1," ",24,0,,1,0,,,,0,1," ",260000,2," ",15000,888,1,0,,,,,,,,,,,,,,," ",,,," ",,,," ",,," ",,,0,5," ",0,0,,,,0,," ",7," ",0,,,0,,,1,23,0,0,,,0,,,1,1,0,0,,,0,,,0,,,0,,,0,,,0,,,0,,,0,,,0,,,0,,,0,,,0,,,0,,,,,,,,,,,,,,,,,,,,,,," ",,1,1,104,1,1,"B",,1,,,,,,,3,1,,,,,1,," ",1,,,,,,," ",1,1,1," ",888," ",1,,1,,2,4,,,26000,,1,0,888,0,1,1,2,1,1,1,,,,,,,,,,,,,3,3,,888,1,,1,,,,8.65588105263158
229,151,4,5,1,2,2,2,6,2,5,1,2," ",45,1369,10,"6h45","17h00","888","888",1,,,1," ",24,0,,1,0,,,,0,1," ",2570851,2," ",30000,269,1,1,,,,,,,,,,,,,,," ",,,," ",,,," ",,," ",,,0,1," ",0,0,,,,0,," ",7," ",0,,,0,,,1,12,0,0,,,0,,,1,186,0,1,2,0,1,1,0,0,,,0,,,0,,,0,,,0,,,0,,,0,,,0,,,1,2,0,0,,,0,,,,,,,,,,,,,,,,,,,,,,," ",,1,2,1369,1,2,"B",,1,,,,,,,4,,,,,,1,," ",1,,,,,,," ",1,1,1," ",888," ",1,,1,,47,4,,,517000,,3,180,180,888,2,1,4,1,3,2,,,,1,,,,,,,1,,555,3,,111,1,,1,,,,8.65588105263158
231,152,4,5,2,2,1,1,4,6,2,7,1," ",17,594,10,"7h00","17h00","888","888",1,,,1," ",24,0,,1,0,,,,0,1," ",888,2," ",10000,888,1,0,,,,,,,,,,,,,,," ",,,," ",,,," ",,," ",,,0,1," ",0,0,,,,0,," ",7," ",0,,,0,,,0,,,1,4,0,0,,,0,,,1,1,0,0,,,0,,,0,,,0,,,0,,,0,,,0,,,0,,,0,,,0,,,0,,,0,,,,,,,,,,,,,,,,,,,,,,," ",,1,2,593,1,2,"AB",1,1,,,,,,,3,,,,,,1,," ",1,,,,,,," ",1,1,1," ",888," ",1,,1,,16,4,,,176000,,2,60,240,180,2,1,6,1,2,1,,,,,,,,,,,,,4,555,,555,,,1,1,,,73.3824504504504
232,153,4,5,1,2,1,1,7,2,5,7,1," ",18,550,10,"7h00","16h00","888","888",1,,,1," ",24,0,,1,2,0,30,1,0,1," ",888,555,"SOS BYUMBA",888,888,1,0,,,,,,,,,,,,,,," ",,,," ",,,," ",,," ",,,0,5," ",0,0,,,,0,," ",7," ",0,,,1,99,0,0,,,0,,,1,3,0,1,18,0,1,1,0,0,,,0,,,0,,,0,,,0,,,0,,,0,,,0,,,0,,,1,2,0,0,,,0,,,,,,,,,,,,,,,,,,,,,,," ",,0,,,,," ",,,,,,,,,,,,,,,,," ",,,,,,,," ",,,," ",," ",,,,,,,,,,,,,,,,,,,,,,,,,,,,,,,,,,,,,,,,,,,17.4207321917808
232,154,4,5,1,2,10,1,3,3,4,1,2," ",30,802,9,"7h00","17h00","888","888",1,,,5," ",24,1,3,0,,,,,1,," ",,," ",,,,,,1,,,,1,,,52018,1,,1,3,4," ",0,,," ",,,5," ",0,2," ",0,,0,1," ",0,0,,,,0,," ",7," ",0,,,0,,,1,8,0,0,,,0,,,1,1,0,0,,,1,1,0,0,,,0,,,0,,,0,,,0,,,0,,,0,,,0,,,0,,,0,,,0,,,,,,,,,,,,,,,,,,,,,,," ",,1,1,802,1,2,"B",,1,,,,,,,4,,,,,1,1,," ",1,,,,,,," ",1,1,1," ",888," ",1,,1,,11,4,,,143000,,2,0,888,0,2,1,5,1,2,2,,,1,1,,,,,,1,,,888,555,,111,1,1,1,1,,,17.4207321917808
234,155,4,5,2,2,1,2,3,6,3,2,1," ",22,693,9,"7h00","17h00","888","888",0,1,,," ",,,,,,,,,,," ",,," ",,,,,,,,,,,,,,,,,,," ",,,," ",,,," ",,," ",,,,," ",,,,,,,," ",," ",,,,,,,,,,,,,,,,,,,,,,,,,,,,,,,,,,,,,,,,,,,,,,,,,,,,,,,,,,,,,,,,,,,,,,,,,,,,,," ",,1,2,693,1,2,"B",,1,,,,,,,4,,,,,,1,," ",1,,,,,,," ",1,1,1," ",888," ",1,,1,,21,4,,,210000,,2,60,180,888,2,1,3,1,2,2,,,1,1,,,,,,1,1,,4,3,,111,,,,,,555,76.9769217391304
235,156,4,5,2,2,1,1,6,4,5,8,2," ",34,484,10,"5h00","21h30","888","888",1,,,1," ",24,1,1,1,1,0,30,2,0,1," ",100000,2," ",150000,292,1,1,,,,,,,,,,,,,,," ",,,," ",,,," ",,," ",,,0,1," ",0,0,,,,0,," ",7," ",0,,,1,6,0,1,90,0,0,,,1,3,1,1,105,0,1,1,0,1,2,0,0,,,0,,,0,,,0,,,0,,,0,,,0,,,0,,,1,3,0,0,,,0,,,,,,,1,,,,,,,,,,,,,,,3," ",,1,3,484,2,2,"B",,1,,,,,,,3,,,,,,1,," ",1,,,,,,," ",1,1,1," ",888," ",1,,1,,19,4,,,190000,,2,60,150,150,1,1,4,1,2,1,,,,,,,,,,,,,888,1,,2,1,1,1,,1,,190.598447368421
237,157,5,1,2,2,1,1,6,2,1,7,2," ",34,913,10,"7h00","17h00","888","888",1,,,1," ",23,0,,1,1,1,60,1,0,1," ",100000,2," ",240000,268,1,1,,,,,,,,,,,,,,," ",,,," ",,,," ",,," ",,,0,1," ",0,0,,,,1,4," ",5," ",0,,,1,15,1,0,,,0,,,0,,,1,200,1,0,,,1,2,0,0,,,0,,,0,,,0,,,0,,,1,6,0,0,,,0,,,0,,,0,,,1,1,1,,1,,,,1,,,,,,,,,,,,,1,2," ",1,1,1,913,1,2,"B",,1,,,,,,,4,,,,,,1,," ",1,,,,,,," ",1,1,1," ",888," ",1,,1,,17,4,,,170000,,2,0,180,0,2,1,7,1,3,1,,,,,,,,,,,,,888,1,,888,,,1,1,,,75.9446417910448
238,158,5,1,1,2,1,2,3,3,4,9,1," ",16,200,9,"7h00","16h00","888","888",1,,,1," ",23,0,,1,6,0,1,1,0,1," ",3500000,555,"mobile moneny",20000,256,1,0,,,,,,,,,,,,,,," ",,,," ",,,," ",,," ",,,0,555,"Don't have",0,0,,,,0,," ",7," ",0,,,0,,,0,,,0,,,0,,,1,3,0,1,1,0,1,1,0,0,,,0,,,0,,,0,,,0,,,1,1,0,0,,,0,,,0,,,0,,,0,,,,,,,,,,,,,,,,,,,,,,," ",,1,1,165,1,1,"B",,1,,,,,,,4,,1,,,,,," ",1,,,,,,," ",1,1,1," ",888," ",1,,2,,1,4,,,11000,,2,0,120,0,2,1,2,1,3,1,,,,,,,,,,,,,888,1,,888,1,1,,1,,,20.0439647058824
239,159,5,1,1,2,1,1,3,6,3,9,1," ",23,812,9,"7h00","17h00","888","888",1,,,1," ",12,0,,1,0,,,,0,1," ",50000,2," ",10000,208,1,0,,,,,,,,,,,,,,," ",,,," ",,,," ",,," ",,,0,1," ",0,1,0,,,0,," ",7," ",0,,,1,1,0,1,4,0,0,,,0,,,1,65,1,1,1,0,1,2,0,0,,,0,,,0,,,0,,,0,,,1,2,0,0,,,1,3,0,0,,,0,,,1,1,1,,,,,,1,,,,,,,,,,,,,1,555,"Not working",1,1,1,812,1,1,"B",,1,,,,,,,3,,,,,,1,," ",1,,,,,,," ",1,1,1," ",888," ",1,,1,,15,4,,,180000,,1,0,360,0,2,1,3,1,2,1,,,,,,,,,,,,,1,1,,888,,,1,,,,4.94822621359223
240,160,5,1,1,2,1,1,6,3,3,9,4," ",60,176,12,"7h00","17h00","888","888",1,,,1," ",24,0,,1,0,,,,0,1," ",3000000,1," ",400000,255,1,1,,,,,,,,,,,,,,," ",,,," ",,,," ",,," ",,,0,1," ",0,0,,,,0,," ",7," ",0,,,1,50,1,0,,,0,,,0,,,1,60,0,1,2,0,1,2,0,0,,,0,,,0,,,0,,,0,,,1,30,1,1,1,1,0,,,1,1,0,0,,,0,,,,1,,,,,,,,,,,,1,1,,,,,3," ",1,1,3,176,3,2,"B",,1,,,,,,,3,,,,1,,,," ",1,,,,,,," ",1,1,1," ",888," ",1,,2,,3,4,,,36000,,2,180,180,180,2,1,3,1,3,1,,,,,,,,,,,,,1,1,,888,,,,1,,,14.4773126760563
241,161,5,1,2,2,1,1,6,1,1,0,4," ",38,1534,9,"7h00","17h00","888","888",1,,,1," ",24,0,,1,1,1,60,1,0,1," ",100000,2," ",10000,888,1,0,,,,,,,,,,,,,,," ",,,," ",,,," ",,," ",,,0,1," ",0,0,,,,0,," ",7," ",1,15,0,0,,,0,,,0,,,0,,,1,1,1,1,1,0,1,1,0,0,,,0,,,0,,,0,,,0,,,1,1,0,0,,,0,,,0,,,1,25,0,0,,,,,,,,1,,,,,,,,,,,,,,555,"Unidentified",1,1,1,1534,1,2,"A",1,,,,,,,,6,,,1,,,,," ",1,,,,,,," ",1,1,1," ",888," ",1,,1,,23,4,,,230000,,3,0,240,0,2,1,5,1,2,1,,,,,,,,,,,,,1,1,,888,,,,,1,,119.70275862069
242,162,5,1,2,2,1,2,6,4,4,1,1," ",17,300,9,"6h30","17h00","888","888",1,,,1," ",12,0,,1,0,,,,0,1," ",800000,555,"mobile money",150000,300,1,0,,,,,,,,,,,,,,," ",,,," ",,,," ",,," ",,,0,1," ",0,0,,,,0,," ",6," ",0,,,0,,,0,,,0,,,0,,,1,1,0,0,,,0,,,0,,,0,,,0,,,0,,,0,,,1,1,1,0,,,0,,,0,,,0,,,0,,,,,,,,,,,,,,,,1,,,,,,2," ",,1,1,300,1,1,"B",,1,,,,,,,2,,,,,1,,," ",1,,,,,,," ",1,1,1," ",888," ",1,,2,,2,4,,,20000,,2,0,180,0,2,1,2,1,3,1,,,,,,,,,,,,,2,2,,888,,,1,,,,110.882382978723
243,163,5,2,2,2,1,1,6,4,1,1,2," ",6,2097,12,"7h00","17h00","888","888",1,,,1," ",24,0,,1,3,1,60,2,0,1," ",100000,1," ",360000,255,1,0,,,,,,,,,,,,,,," ",,,," ",,,," ",,," ",,,0,1," ",0,0,,,,0,," ",3," ",0,,,0,,,1,20,0,0,,,1,1,0,1,277,0,1,3,0,1,1,0,0,,,0,,,0,,,0,,,0,,,0,,,0,,,1,6,0,1,8,0,0,,,0,,,,,,,,,,,,,,,,,,,,,,," ",,1,1,1696,1,2,"B",,1,,,,,,,6,,1,,,,1,," ",1,,,,,,," ",1,1,1," ",888," ",1,,1,,31,4,,,310000,,3,0,180,0,2,1,5,1,2,1,,,,,,,,,,,,,4,1,,888,,,1,,1,,119.53393373494
244,164,5,2,2,2,1,2,6,4,3,13,2," ",55,1522,9,"7h20","17h00","888","888",1,,,4," ",24,1,3,0,,,,,1,," ",,," ",,,,,1,,,,1,,,,82012,1,,0,3,4," ",0,,," ",,,2," ",0,2," ",1,1,0,1," ",0,0,,,,0,," ",1," ",1,6,0,0,,,0,,,0,,,1,1,0,1,3,0,1,3,0,0,,,0,,,0,,,0,,,0,,,0,,,0,,,0,,,0,,,1,6,0,0,,,0,,,,,,,,,,,,,,,,,,,,,,," ",,1,1,1276,1,2,"B",,1,,,,,,,4,,,,,,1,," ",1,,,,,,," ",1,1,1," ",888," ",1,,2,,9,4,,,99000,,3,0,360,0,2,1,2,2,3,2,,,,1,,,,,,,,,4,3,,888,,,1,,,,50.6682119205298
245,165,5,2,1,2,1,1,6,3,3,10,3," ",17,290,12,"7h00","12h00","14h00","16h30",1,,,1," ",24,0,,1,0,,,,0,1," ",200000,1," ",50000,255,1,1,,,,,,,,,,,,,,," ",,,," ",,,," ",,," ",,,0,1," ",0,0,,,,0,," ",7," ",0,,,0,,,1,50,0,0,,,1,1,0,1,80,0,1,2,1,1,1,0,0,,,0,,,0,,,0,,,0,,,0,,,0,,,0,,,1,1,1,0,,,0,,,,,,,,,1,,,,,,,,,,1,,,1," ",1,1,3,150,3,1,"B",,1,,,,,,,3,,,,,1,1,," ",1,,,,,,," ",1,1,1," ",888," ",1,,1,,8,4,,,96000,,2,60,180,180,2,1,4,1,2,1,,,,,,,,,,,,,1,2,,888,,,1,,,,15.1000164383562
246,166,5,2,2,2,1,1,7,2,1,0,2," ",38,1200,12,"6h30","17h00","888","888",1,,,1," ",24,0,,1,5,3,180,3,0,1," ",100000,1," ",120000,285,1,0,,,,,,,,,,,,,,," ",,,," ",,,," ",,," ",,,0,1," ",0,1,0,,,0,," ",3," ",0,,,0,,,1,10,0,0,,,0,,,1,125,0,1,1,0,0,,,0,,,0,,,0,,,0,,,0,,,1,32,0,0,,,0,,,0,,,0,,,0,,,,,,,,,,,,,,,,,,,,,,," ",,1,1,600,1,2,"B",,1,,,,,,,4,,1,,1,1,,," ",1,,,,,,," ",1,1,1," ",888," ",1,,2,,3,4,,,30000,,1,0,240,0,2,1,5,1,2,2,,,,1,,,,,,,,,1,4,,111,1,1,1,1,1,,235.364968421053
247,167,5,2,1,2,1,1,7,2,1,22,2," ",65,884,12,"7h00","17h00","888","888",1,,,1," ",24,0,,1,3,1,60,1,0,1," ",550000,1," ",6360000,888,1,0,,,,,,,,,,,,,,," ",,,," ",,,," ",,," ",,,0,1," ",0,0,,,,1,3," ",3," ",0,,,0,,,1,12,0,0,,,1,1,0,1,186,0,1,12,1,1,1,0,1,5,1,0,,,0,,,1,1,0,0,,,0,,,0,,,1,15,1,1,6,1,0,,,1,1,1,,,,,,,1,,1,,,,,,,1,1,,1,3," ",1,1,3,880,3,2,"B",,1,,,,,,,5,,,,,1,1,," ",1,,,,,,," ",1,1,1," ",888," ",1,,1,,27,4,,,324000,,2,120,180,240,2,1,6,1,2,1,,,,,,,,,,,,,1,4,,888,1,,1,,,,5.48210979228487
250,168,5,2,2,2,1,1,6,4,3,9,2," ",91,3400,12,"7h00","12h00","14h00","17h00",1,,,1," ",24,0,,1,2,0,30,2,0,1," ",50000,1," ",50000,287,1,1,,,,,,,,,,,,,,," ",,,," ",,,," ",,," ",,,0,1," ",0,0,,,,0,," ",7," ",0,,,1,30,0,1,14,0,0,,,0,,,1,315,1,1,2,1,1,2,0,0,,,0,,,0,,,0,,,1,1,0,1,8,0,0,,,0,,,1,1,0,0,,,0,,,,,,,,1,1,,,,,,,,,,,,,3," ",0,1,1,1800,1,2,"B",,1,,,,,,,5,,,,1,,1,," ",1,,,,,,," ",1,1,1," ",888," ",1,,1,,28,4,,,308000,,1,0,240,0,2,1,7,2,2,1,,,,,,,,,,,,,1,1,,555,,,1,,,555,61.0949142857143
251,169,5,2,1,2,1,1,6,4,3,2,4," ",41,1500,12,"7h00","17h00","888","888",1,,,4," ",24,0,,0,,,,,1,," ",,," ",,,,,1,,,,1,,,,112019,1,,1,3,3," ",0,,," ",,,555,"Director",1,3," ",0,,0,5," ",0,0,,,,0,," ",2," ",0,,,0,,,0,,,0,,,0,,,1,2,0,0,,,0,,,0,,,0,,,0,,,0,,,0,,,0,,,0,,,0,,,0,,,0,,,0,,,,,,,,,,,,,,,,,,,,,,," ",,1,1,902,1,2,"A",1,,,,,,,,3,,,,1,,,," ",1,,,,,,," ",1,1,1," ",888," ",1,,1,,11,4,,,121000,,2,0,240,0,1,1,1,2,1,1,,,,,,,,,,,,,2,555,,888,,,,,1,,8.45871833333333
252,170,5,2,1,2,1,1,6,4,1,7,1," ",14,287,9,"5h00","18h00","888","888",1,,,1," ",24,0,,1,1,1,60,1,0,1," ",50000,1," ",5000,255,1,0,,,,,,,,,,,,,,," ",,,," ",,,," ",,," ",,,0,1," ",0,0,,,,0,," ",1," ",1,36,0,0,,,0,,,0,,,0,,,1,6,0,0,,,0,,,0,,,0,,,0,,,0,,,0,,,1,3,0,0,,,0,,,0,,,0,,,0,,,,,,,,,,,,,,,,,,,,,,," ",,0,,,,," ",,,,,,,,,,,,,,,,," ",,,,,,,," ",,,," ",," ",,,,,,,,,,,,,,,,,,,,,,,,,,,,,,,,,,,,,,,,,,,8.83617364864865
258,171,5,3,2,2,1,2,4,6,5,8,2," ",72,2055,9,"7h00","17h00","888","888",1,,,1," ",24,1,1,1,1,1,60,2,0,1," ",100000,1," ",25000,279,1,1,,,,,,,,,,,,,,," ",,,," ",,,," ",,," ",,,0,1," ",0,0,,,,0,," ",5," ",0,,,0,,,0,,,1,20,0,1,1,0,1,181,1,1,1,1,1,1,0,0,,,0,,,0,,,0,,,0,,,1,57,0,0,,,1,2,0,1,3,0,0,,,0,,,,,,,,1,1,,,,,,,,,,,,,555,"Not working",1,1,1,2055,1,2,"B",,1,,,,,,,6,,,,,,1,," ",1,,,,,,," ",1,1,1," ",888," ",1,,1,,34,4,,,306000,,1,0,180,0,2,1,4,1,2,1,,,,,,,,,,,,,888,1,,888,1,1,1,1,1,,137.657460869565
264,172,5,3,1,2,3,1,6,4,5,1,4," ",45,1418,9,"7h20","17h00","888","888",1,,,1," ",24,0,,1,0,,,,0,1," ",200000,1," ",24000,285,1,1,,,,,,,,,,,,,,," ",,,," ",,,," ",,," ",,,0,1," ",0,0,,,,0,," ",7," ",0,,,0,,,0,,,1,4,0,0,,,1,157,0,1,1,1,0,,,0,,,0,,,0,,,0,,,0,,,1,6,0,0,,,0,,,0,,,0,,,0,,,,,,,,,1,,,,,,,,,,,,,3," ",,1,1,1418,1,2,"A",1,,,,,,,,4,,,,,1,,," ",1,,,,,,," ",1,1,1," ",888," ",1,,1,,16,4,,,192000,,1,0,888,0,1,1,1,2,2,1,,,,,,,,,,,,,1,555,,888,,,,,,555,12.3318692307692
265,173,5,3,2,2,2,2,6,4,5,5,4," ",58,1438,9,"7h20","17h00","888","888",1,,,1," ",24,0,,1,1,2,120,1,0,1," ",100000,1," ",20000,286,1,1,,,,,,,,,,,,,,," ",,,," ",,,," ",,," ",,,0,1," ",0,0,,,,0,," ",3," ",0,,,1,3,0,0,,,1,15,0,0,,,1,283,0,1,2,1,1,1,0,0,,,0,,,0,,,0,,,0,,,1,58,0,0,,,0,,,1,7,0,0,,,0,,,,,,,,,1,,,,,,,,,,,,,2," ",,1,1,1438,1,2,"B",,1,,,,,,,4,,,,,,1,," ",1,,,,,,," ",1,1,1," ",888," ",1,,1,,22,4,,,220000,,2,0,888,0,1,1,3,1,3,1,,,,,,,,,,,,,888,555,,888,1,1,1,1,1,,90.9270416666667
266,174,5,3,2,2,1,1,6,4,5,1,4," ",43,1384,9,"7h00","17h00","888","888",1,,,5," ",12,1,3,0,,,,,1,," ",,," ",,,,,,1,,,,1,,,122020,1,,0,2,1," ",0,,," ",,,5," ",1,2," ",0,,0,555,"Is operating",0,0,,,,0,," ",7," ",0,,,0,,,0,,,1,3,0,0,,,1,5,1,0,,,0,,,0,,,0,,,0,,,0,,,0,,,1,10,0,0,,,0,,,0,,,0,,,0,,,,,,,,1,,,,,,,,,,,,,,3," ",0,1,1,1384,1,2,"B",,1,,,,,,,4,,,,,,1,," ",1,,,,,,," ",1,1,1," ",888," ",1,,1,,20,4,,,180000,,3,0,888,0,2,1,3,1,3,1,,,,,,,,,,,,,888,1,,888,1,1,1,1,1,,115.230054545455
267,175,5,3,1,2,1,1,6,4,1,10,1," ",39,1073,9,"7h20","13h40","888","888",1,,,1," ",24,0,,1,0,,,,0,1," ",50000,1," ",5000,200,1,1,,,,,,,,,,,,,,," ",,,," ",,,," ",,," ",,,0,1," ",0,0,,,,0,," ",7," ",0,,,1,1,1,0,,,1,7,0,0,,,1,140,0,1,2,1,1,2,0,0,,,0,,,0,,,0,,,0,,,1,39,0,0,,,0,,,0,,,0,,,0,,,,1,,,,,1,,,,,,,,,,,,,3," ",1,1,1,1073,1,2,"A",1,,,,,,,,5,,,,,,1,," ",1,,,,,,," ",1,1,1," ",888," ",1,,2,,6,4,,,72000,,3,0,888,0,2,1,7,1,3,1,,,,,,,,,,,,,888,1,,888,1,1,1,1,1,555,31.9791152777778
271,176,5,3,2,2,1,1,6,4,5,1,1," ",18,380,9,"6h30","17h30","888","888",1,,,1," ",24,0,,1,0,,,,0,1," ",6000,1," ",6000,270,1,1,,,,,,,,,,,,,,," ",,,," ",,,," ",,," ",,,0,1," ",0,0,,,,0,," ",7," ",0,,,0,,,0,,,1,9,0,0,,,1,3,0,1,1,0,0,,,0,,,0,,,0,,,0,,,0,,,1,14,0,0,,,0,,,1,1,0,0,,,0,,,,,,,,,,,,,,,,,,,,,,," ",,1,1,125,1,1,"B",,1,,,,,,,3,,,1,,,,," ",1,,,,,,," ",1,1,1," ",888," ",1,,1,,2,4,,,20000,,2,0,888,0,2,1,3,2,3,1,,,,,,,,,,,,,1,1,,888,,,,,1,,61.146402640264
280,177,5,4,2,2,1,1,6,2,4,1,1," ",35,1338,12,"7h20","17h40","888","888",1,,,1," ",24,0,,1,1,1,60,1,0,1," ",4000,1," ",4000,255,1,1,,,,,,,,,,,,,,," ",,,," ",,,," ",,," ",,,0,1," ",0,0,,,,0,," ",7," ",1,6,0,1,4,0,0,,,0,,,1,1,0,1,154,0,0,,,1,1,0,0,,,0,,,0,,,0,,,0,,,1,8,0,0,,,0,,,0,,,0,,,0,,,,,,,,,,,,,,,,,,,,,,," ",,1,1,1338,1,2,"B",,1,,,,,,,5,,,,,1,1,," ",1,,,,,,," ",1,1,1," ",888," ",1,,1,,22,4,,,198000,,1,0,888,0,2,1,5,1,2,2,,,,,,,,,,1,1,,888,2,,555,,1,1,,,,83.807
281,178,5,4,1,2,1,2,6,5,4,4,4," ",50,1530,12,"7h20","17h00","888","888",1,,,1," ",23,0,,1,1,1,60,2,0,1," ",200000,1," ",15000,269,1,1,,,,,,,,,,,,,,," ",,,," ",,,," ",,," ",,,0,1," ",0,0,,,,0,," ",7," ",1,3,0,0,,,1,5,0,0,,,0,,,1,242,0,1,1,0,1,1,0,0,,,0,,,0,,,0,,,0,,,0,,,0,,,1,5,0,1,1,0,1,1,0,0,,,,,,,,,,,,,,,,,,,,,,," ",,1,1,1530,1,2,"B",,1,,,,,,,6,,,,1,1,1,," ",1,,,,,,," ",1,1,1," ",888," ",1,,1,,24,4,,,312000,,1,0,888,0,2,1,4,1,2,1,,,,,,,,,,,,,888,555,,888,,1,,1,,,9.17697944785276
282,179,5,4,1,2,1,1,6,3,1,3,4," ",62,2000,12,"7h00","17h00","888","888",1,,,1," ",24,0,,1,0,,,,0,2," ",200000,1," ",20000,272,1,0,,,,,,,,,,,,,,," ",,,," ",,,," ",,," ",,,0,1," ",0,0,,,,0,," ",7," ",1,25,0,0,,,0,,,0,,,1,1,0,1,84,0,1,2,0,0,,,0,,,0,,,0,,,0,,,0,,,1,1,0,0,,,1,2,0,1,2,0,0,,,0,,,,,,,,,,,,,,,,,,,,,,," ",,1,1,1600,1,2,"B",,1,,,,,,,6,,,,,,1,," ",1,,,,,,," ",1,1,1," ",888," ",1,,1,,20,4,,,220000,,1,0,300,0,2,1,4,2,2,2,,,1,1,,,,,,,,,1,1,,888,,,1,1,,,9.30882887323944
283,180,5,4,1,2,2,1,6,3,1,4,4," ",65,2076,12,"7h20","17h00","888","888",1,,,1," ",22,0,,1,1,0,30,3,0,1," ",200000,1," ",30000,200,1,1,,,,,,,,,,,,,,," ",,,," ",,,," ",,," ",,,0,1," ",0,0,,,,0,," ",7," ",1,15,0,0,,,0,,,0,,,1,1,0,1,151,0,1,2,0,0,,,0,,,0,,,0,,,0,,,0,,,1,8,0,0,,,0,,,1,2,0,0,,,0,,,,,,,,,,,,,,,,,,,,,,," ",,1,1,2076,1,2,"B",,1,,,,,,,6,,,,,1,1,," ",1,,,,,,," ",1,1,1," ",888," ",1,,1,,23,4,,,276000,,2,0,888,0,2,1,6,1,2,2,,,,1,,,,,,,1,,888,2,,555,,1,,1,,,13.2456640127389
285,181,5,4,2,2,2,1,4,6,1,3,1," ",24,875,12,"7h00","17h00","888","888",1,,,1," ",23,0,,1,1,1,60,1,0,1," ",5000,1," ",5000,200,1,1,,,,,,,,,,,,,,," ",,,," ",,,," ",,," ",,,0,1," ",0,0,,,,0,," ",5," ",1,38,0,0,,,0,,,0,,,0,,,1,130,0,1,1,0,0,,,0,,,0,,,0,,,0,,,0,,,0,,,0,,,0,,,0,,,0,,,0,,,,,,,,,,,,,,,,,,,,,,," ",,1,1,875,1,2,"B",,1,,,,,,,4,,,,,1,1,," ",1,,,,,,," ",1,1,1," ",888," ",1,,1,,15,4,,,135000,,2,0,888,0,2,1,6,1,2,2,,,1,1,,,,,,1,1,,2,3,,555,,1,1,1,,,79.18262625
286,182,5,4,2,2,1,1,6,4,1,9,4," ",48,1811,12,"6h00","18h00","888","888",1,,,5," ",24,1,3,0,,,,,1,," ",,," ",,,,,,1,,,,1,,,92020,1,,1,3,4," ",1,22022,1," ",95000,,555,"School",0,555,"Their technician",1,1,0,1," ",0,0,,,,0,," ",6," ",1,4,0,0,,,0,,,0,,,0,,,1,3,0,0,,,1,3,0,0,,,0,,,0,,,0,,,0,,,0,,,0,,,1,5,0,0,,,0,,,0,,,,,,,,,,,,,,,,,,,,,,," ",,1,1,1811,1,2,"B",,1,,,,,,,6,,,,1,1,1,," ",1,,,,,,," ",1,1,1," ",888," ",1,,1,,33,4,,,330000,,1,0,120,0,1,1,4,1,2,2,,,1,1,,,,,,,,,3,2,,888,,1,1,,,,133.014805369128
287,183,5,5,2,2,1,1,7,2,4,5,4," ",62,1764,12,"7h20","12h20","14h00","17h00",1,,,1," ",24,0,,1,1,0,30,2,0,1," ",100000,1," ",30000,272,1,1,,,,,,,,,,,,,,," ",,,," ",,,," ",,," ",,,0,1," ",0,0,,,,0,," ",2," ",1,12,1,0,,,0,,,0,,,0,,,1,174,1,1,2,0,1,2,0,0,,,0,,,0,,,0,,,0,,,0,,,0,,,0,,,1,4,0,0,,,0,,,1,,,,,1,,,,,,,,,,,,,,3," ",0,1,1,1764,1,2,"B",,1,,,,,,,6,,,,1,1,1,," ",1,,,,,,," ",1,1,1," ",888," ",1,,1,,24,4,,,264000,,2,0,888,0,2,1,5,1,2,2,,,,1,,,,,,1,1,,888,3,,111,,1,1,1,,,121.134436090226
288,184,5,5,1,2,1,2,6,4,3,1,1," ",4,60,12,"7h30","12h00","888","888",1,,,1," ",24,0,,1,2,1,60,2,0,1," ",50000,1," ",4000,255,1,0,,,,,,,,,,,,,,," ",,,," ",,,," ",,," ",,,0,1," ",0,0,,,,0,," ",7," ",1,4,0,0,,,0,,,0,,,0,,,1,1,0,1,1,0,0,,,1,3,0,0,,,0,,,0,,,0,,,0,,,0,,,0,,,0,,,0,,,0,,,,,,,,,,,,,,,,,,,,,,," ",,0,,,,," ",,,,,,,,,,,,,,,,," ",,,,,,,," ",,,," ",," ",,,,,,,,,,,,,,,,,,,,,,,,,,,,,,,,,,,,,,,,,,,9.34212658227848
289,185,5,5,2,2,1,1,4,6,4,2,1," ",25,566,12,"7h20","17h40","888","888",0,1,,," ",,,,,,,,,,," ",,," ",,,,,,,,,,,,,,,,,,," ",,,," ",,,," ",,," ",,,,," ",,,,,,,," ",," ",,,,,,,,,,,,,,,,,,,,,,,,,,,,,,,,,,,,,,,,,,,,,,,,,,,,,,,,,,,,,,,,,,,,,,,,,,,,,," ",,1,1,566,1,2,"B",,1,,,,,,,4,,,,,1,1,," ",1,,,,,,," ",1,1,1," ",888," ",1,,1,,8,4,,,80000,,3,0,888,0,2,1,6,1,2,2,,,,1,,,,,,1,1,,888,2,,111,,1,1,1,,,160.181593984962
294,186,5,5,2,2,1,2,6,4,1,0,4," ",41,1141,9,"6h30","17h00","888","888",1,,,5," ",24,0,,0,,,,,1,," ",,," ",,,,,1,,,,1,,,,62022,1,,1,3,1," ",0,,," ",,,1," ",1,1," ",0,,1,1," ",0,0,,,,1,111," ",7," ",1,7,1,0,,,0,,,0,,,0,,,1,263,1,1,1,1,1,1,1,0,,,0,,,0,,,0,,,0,,,1,1,1,0,,,0,,,1,1,1,0,,,0,,,1,,,,,1,1,1,,,,,,1,,,1,,,3," ",0,1,2,1141,1,2,"B",,1,,,,,,,5,,,,1,,,," ",1,,,,,,," ",1,1,1," ",888," ",1,,1,,26,4,,,260000,,1,60,240,888,1,1,1,1,2,2,,,1,1,,,,,,1,1,,1,1,,888,,,,1,,,195.606
298,187,5,5,2,2,1,2,6,3,5,8,4," ",70,2226,9,"6h45","17h00","888","888",1,,,1," ",24,0,,1,0,,,,0,1," ",100000,3," ",360000,888,1,1,,,,,,,,,,,,,,," ",,,," ",,,," ",,," ",,,0,1," ",0,0,,,,0,," ",1," ",1,10,0,0,,,0,,,0,,,0,,,1,353,0,1,1,0,0,,,0,,,0,,,0,,,0,,,0,,,1,3,0,0,,,1,2,0,1,3,0,0,,,0,,,,,,,,,,,,,,,,,,,,,,," ",,1,1,2226,1,2,"B",,1,,,,,,,6,,,,,,1,," ",1,,,,,,," ",1,1,1," ",888," ",1,,2,,13,4,,,117000,,3,0,180,0,2,1,2,1,2,2,,,1,1,,,,,,1,1,,1,1,,888,,,,1,,,421.347619047619
308,188,5,6,2,2,1,2,6,4,4,3,4," ",45,1436,12,"7h00","17h00","888","888",0,1,,," ",,,,,,,,,,," ",,," ",,,,,,,,,,,,,,,,,,," ",,,," ",,,," ",,," ",,,,," ",,,,,,,," ",," ",,,,,,,,,,,,,,,,,,,,,,,,,,,,,,,,,,,,,,,,,,,,,,,,,,,,,,,,,,,,,,,,,,,,,,,,,,,,,," ",,1,1,1436,1,2,"AB",1,1,,,,,,,4,,,,,1,1,," ",1,,,,,,," ",1,1,1," ",888," ",1,,1,,16,4,,,160000,,1,0,888,0,2,1,6,1,3,2,,,,1,,,,,,1,1,,2,2,,555,,1,,,,,65.4211258741259
309,189,5,6,1,2,1,1,6,4,1,7,4," ",50,1312,12,"7h00","12h20","13h20","17h00",1,,,1," ",24,0,,1,0,,,,0,1," ",200000,1," ",60000,300,1,0,,,,,,,,,,,,,,," ",,,," ",,,," ",,," ",,,0,1," ",0,0,,,,0,," ",7," ",0,,,1,5,0,0,,,1,75,0,0,,,1,54,0,0,,,1,2,0,0,,,0,,,0,,,0,,,0,,,1,50,0,0,,,0,,,1,5,0,0,,,0,,,,,,,,,,,,,,,,,,,,,,," ",,1,1,1312,1,2,"B",,1,,,,,,,5,,,,,,1,," ",1,,,,,,," ",1,1,1," ",888," ",1,,2,,8,4,,,88000,,3,0,120,0,2,1,4,1,2,2,,,1,1,,,,,,,,,888,3,,2,,,1,,1,,11.2610976744186
310,190,5,6,2,2,1,1,4,6,1,3,1," ",33,1454,12,"7h20","12h20","14h00","17h20",1,,,1," ",23,0,,1,1,0,30,2,0,1," ",10000,1," ",10000,278,1,1,,,,,,,,,,,,,,," ",,,," ",,,," ",,," ",,,0,1," ",0,0,,,,0,," ",7," ",1,6,0,0,,,0,,,0,,,0,,,1,169,0,1,2,1,1,1,0,0,,,0,,,0,,,0,,,0,,,0,,,0,,,0,,,0,,,0,,,0,,,,,,,,,1,,,,,,,,,,,,,2," ",1,1,1,1200,1,2,"B",,1,,,,,,,5,,,,1,1,,," ",1,,,,,,," ",1,1,1," ",888," ",1,,1,,15,4,,,135000,,2,0,888,0,2,1,5,1,3,2,,,,1,,,,,,,1,,888,2,,111,1,1,1,1,,,265.9455
311,191,5,6,2,2,1,2,4,6,2,5,1," ",24,918,12,"7h20","17h00","888","888",1,,,4," ",12,1,3,0,,,,,1,," ",,," ",,,,,1,,,,1,,,,92017,1,,0,1,," ",0,,," ",,888,1," ",0,2," ",9,1,1,1," ",0,0,,,,0,," ",6," ",1,6,0,0,,,0,,,0,,,1,1,0,1,3,0,0,,,1,1,0,0,,,0,,,0,,,0,,,0,,,0,,,0,,,0,,,0,,,0,,,0,,,,,,,,,,,,,,,,,,,,,,," ",,1,1,918,1,2,"B",,1,,,,,,,4,,,,,1,1,," ",1,,,,,,," ",1,1,1," ",888," ",1,,1,,11,4,,,110000,,2,0,888,0,2,1,5,1,2,2,,,,1,,,,,,1,1,,555,2,,555,,,1,1,,,110.668164383562
312,192,5,6,2,2,1,2,6,2,2,10,1," ",30,850,9,"7h20","12h20","14h00","17h00",1,,,4," ",12,1,3,0,,,,,1,," ",,," ",,,,,1,,,,1,,,,62021,1,,0,3,4," ",0,,," ",,,1," ",1,5," ",,,0,1," ",0,0,,,,0,," ",2," ",0,,,0,,,0,,,1,3,0,0,,,1,1,0,0,,,0,,,0,,,0,,,0,,,0,,,0,,,1,1,0,0,,,0,,,0,,,0,,,0,,,,,,,,,,,,,,,,,,,,,,," ",,1,1,850,1,2,"B",,1,,,,,,,4,1,1,,,,,," ",1,,,,,,," ",1,1,1," ",888," ",1,,2,,6,4,,,66000,,2,0,240,0,2,1,4,1,3,1,,,,,,,,,,,,,555,2,,111,,,,,1,,188.315441860465
313,193,5,7,1,2,1,1,7,2,1,8,2," ",53,283,9,"7h00","15h00","888","888",1,,,1," ",24,0,,1,0,,,,0,1," ",450000,1," ",450000,888,1,1,,,,,,,,,,,,,,," ",,,," ",,,," ",,," ",,,0,2," ",0,0,,,,1,3," ",3," ",0,,,0,,,0,,,0,,,1,4,0,1,52,0,1,2,0,0,,,0,,,0,,,0,,,1,4,0,1,1,0,1,15,0,1,3,0,0,,,1,4,0,0,,,0,,,,,,,,,,,,,,,,,,,,,,," ",,1,3,283,2,1,"B",,1,,,,,,,4,,,,,1,,," ",1,,,,,,," ",1,1,1," ",888," ",1,,1,,11,4,,,121000,,2,888,888,120,2,1,2,1,3,1,,,,,,,,,,,,,1,2,,888,,1,,,,,16.9766382352941
314,194,5,7,2,2,1,1,3,6,555,4,1," ",26,748,9,"7h00","17h00","888","888",1,,,1," ",24,0,,1,0,,,,0,1," ",888,1," ",80000,888,1,0,,,,,,,,,,,,,,," ",,,," ",,,," ",,," ",,,0,1," ",0,0,,,,0,," ",7," ",1,6,0,0,,,0,,,0,,,0,,,1,166,0,1,1,0,0,,,0,,,0,,,0,,,0,,,0,,,0,,,0,,,0,,,0,,,0,,,0,,,,,,,,,,,,,,,,,,,,,,," ",,1,1,700,1,2,"B",,1,,,,,,,6,,,,,,1,," ",1,,,,,,," ",1,1,1," ",888," ",1,,1,,9,4,,,90000,,3,0,240,0,2,1,7,1,2,1,,,,,,,,,,,,,888,888,,111,,,,,,555,121.421042553191
315,195,5,7,2,2,1,1,3,6,4,1,1," ",18,159,9,"6h30","18h30","888","888",1,,,1," ",24,0,,1,2,1,60,1,0,1," ",15000,1," ",180000,888,1,1,,,,,,,,,,,,,,," ",,,," ",,,," ",,," ",,,0,5," ",0,0,,,,0,," ",3," ",1,20,1,1,10,1,0,,,0,,,0,,,1,6,1,1,1,1,1,1,1,0,,,0,,,0,,,0,,,0,,,1,9,1,0,,,0,,,1,1,1,0,,,0,,,1,1,,,,1,1,1,,,,,,1,,,1,,,555,"Not needed",0,1,2,159,1,1,"B",,1,,,,,,,3,,,,,,1,," ",1,,,,,,," ",1,1,1," ",888," ",1,,2,,2,4,,,20000,,2,888,888,90,2,1,3,1,3,2,1,,1,1,,,,,,1,,,1,1,,1,,,1,,,,161.408918918919
319,196,5,7,2,2,1,1,6,4,2,9,4," ",91,2422,12,"6h40","17h00","888","888",1,,,1," ",24,1,1,1,0,,,,0,1," ",110000,1," ",110000,255,1,0,,,,,,,,,,,,,,," ",,,," ",,,," ",,," ",,,0,1," ",0,0,,,,1,4," ",3," ",0,,,1,30,0,0,,,0,,,0,,,1,149,0,1,2,0,1,1,0,0,,,0,,,0,,,0,,,0,,,0,,,0,,,0,,,1,2,0,0,,,0,,,,,,,,,,,,,,,,,,,,,,," ",,1,1,2200,1,2,"B",,1,,,,,,,6,,,,,1,,," ",1,,,,,,," ",1,1,1," ",888," ",1,,1,,22,4,,,220000,,1,0,300,0,2,1,8,1,2,1,,,,,,,,,,,,,2,2,,888,,,,1,1,,156.04722972973
